State,Date,Negative Impact,% SB having decrease in revenue,Approx. Mean Revenue,Full Name,% SB close for at least one day,% SB having disruptions in supply chain,% SB shift production/services,% SB only do pickup/delivery,Approx. Days Till Normal,% SB having decrease in paid employee,% SB having decrease in paid employee work hours,Approx. Days Cash on Hand Can Cover,% SB missed loan payment,% SB missed other scheduled payment,% SB requested financial assistance from PPP,% SB received financial assistance from PPP,% SB not received financial assistance from Federal program
AK,2020-05-02,89.39999999999999,0.655,4188.25,Alaska,0.433,0.418,0.106,0.11900000000000001,120.81,0.293,0.45899999999999996,34.2205,,0.214,0.691,0.42200000000000004,0.5379999999999999
AL,2020-05-02,82.5,0.695,29899.75,Alabama,0.33399999999999996,0.516,0.077,0.134,172.44,0.16899999999999998,0.45299999999999996,46.5845,0.106,0.171,0.76,0.555,0.37200000000000005
AR,2020-05-02,88.39999999999999,0.77,12858.75,Arkansas,0.263,0.479,0.059000000000000004,0.142,159.195,0.19899999999999998,0.428,50.723,0.077,0.16899999999999998,0.79,0.6409999999999999,0.332
AZ,2020-05-02,88.7,0.716,17271.0,Arizona,0.31,0.41700000000000004,0.067,0.153,240.57,0.268,0.505,66.37249999999999,0.099,0.204,0.713,0.281,0.614
CA,2020-05-02,89.5,0.762,36245.75,California,0.478,0.46399999999999997,0.077,0.146,246.28499999999997,0.315,0.532,62.635000000000005,0.136,0.281,0.754,0.215,0.669
CO,2020-05-02,83.39999999999999,0.6809999999999999,25023.75,Colorado,0.36200000000000004,0.382,0.083,0.132,220.05,0.2,0.504,68.345,0.10099999999999999,0.217,0.705,0.391,0.5529999999999999
CT,2020-05-02,93.9,0.7509999999999999,14758.0,Connecticut,0.408,0.43200000000000005,0.07400000000000001,0.157,236.64,0.303,0.469,57.444500000000005,0.121,0.275,0.772,0.361,0.53
DC,2020-05-02,91.89999999999999,0.773,74.5,District of Columbia,0.645,0.41100000000000003,0.129,,131.82,0.284,0.494,34.69500000000001,0.177,0.337,0.679,0.223,0.713
DE,2020-05-02,89.3,0.727,8098.250000000001,Delaware,0.349,0.36,,0.156,100.84499999999998,0.207,0.473,59.253,,0.21,0.72,0.451,0.513
FL,2020-05-02,89.0,0.774,30808.75,Florida,0.373,0.434,0.08199999999999999,0.145,243.91499999999994,0.268,0.536,56.38649999999999,0.099,0.235,0.743,0.29100000000000004,0.619
GA,2020-05-02,92.60000000000001,0.755,39961.5,Georgia,0.419,0.444,0.07400000000000001,0.149,226.63499999999996,0.24,0.5329999999999999,60.17449999999999,0.106,0.248,0.7909999999999999,0.354,0.5589999999999999
HI,2020-05-02,93.5,0.8109999999999999,2551.75,Hawaii,0.465,0.39,0.085,0.157,193.005,0.373,0.58,52.39250000000001,0.10099999999999999,0.209,0.716,0.38299999999999995,0.508
IA,2020-05-02,82.5,0.6729999999999999,30453.75,Iowa,0.218,0.36700000000000005,0.045,0.161,164.145,0.218,0.405,67.61950000000002,0.08,0.113,0.716,0.55,0.408
ID,2020-05-02,87.2,0.695,9402.5,Idaho,0.34,0.47700000000000004,0.069,0.147,132.81,0.237,0.493,55.540000000000006,0.066,0.121,0.6920000000000001,0.498,0.499
IL,2020-05-02,90.49999999999999,0.767,35202.0,Illinois,0.39899999999999997,0.44,0.078,0.149,255.46500000000003,0.27399999999999997,0.524,53.68,0.11900000000000001,0.251,0.763,0.444,0.49200000000000005
IN,2020-05-02,85.6,0.721,30607.5,Indiana,0.342,0.44799999999999995,0.065,0.145,200.13,0.251,0.51,65.888,0.122,0.2,0.746,0.47,0.46399999999999997
KS,2020-05-02,82.69999999999999,0.652,32120.749999999996,Kansas,0.322,0.42700000000000005,0.042,0.18899999999999997,196.57500000000002,0.192,0.46,52.090500000000006,0.062,0.10300000000000001,0.723,0.5660000000000001,0.39
KY,2020-05-02,88.6,0.785,24337.0,Kentucky,0.369,0.40299999999999997,,0.207,167.38500000000005,0.307,0.53,57.17249999999999,0.11,0.146,0.7040000000000001,0.48700000000000004,0.40299999999999997
LA,2020-05-02,81.89999999999999,0.738,15200.0,Louisiana,0.331,0.51,0.071,0.196,188.14499999999998,0.267,0.524,52.904500000000006,0.1,0.21,0.7829999999999999,0.478,0.46399999999999997
MA,2020-05-02,93.8,0.773,31827.75,Massachusetts,0.465,0.435,0.061,0.163,257.595,0.267,0.489,72.81400000000001,0.131,0.262,0.767,0.41100000000000003,0.527
MD,2020-05-02,88.4,0.725,41272.0,Maryland,0.44,0.45799999999999996,0.073,0.138,210.72000000000003,0.27,0.49200000000000005,61.9025,0.128,0.28600000000000003,0.732,0.37,0.563
ME,2020-05-02,87.0,0.762,12444.25,Maine,0.444,0.517,,0.127,168.42000000000002,0.266,0.48700000000000004,44.4065,0.10300000000000001,0.18899999999999997,0.8,0.635,0.313
MI,2020-05-02,93.7,0.797,32592.25,Michigan,0.588,0.494,0.051,0.168,216.57000000000002,0.354,0.625,66.17349999999999,0.142,0.231,0.741,0.391,0.526
MN,2020-05-02,89.19999999999999,0.685,37249.25,Minnesota,0.267,0.35200000000000004,0.05,0.135,239.58000000000004,0.21899999999999997,0.45299999999999996,69.46549999999999,0.086,0.15,0.774,0.57,0.38
MO,2020-05-02,84.80000000000001,0.715,41321.0,Missouri,0.316,0.43200000000000005,0.053,0.138,203.925,0.218,0.47100000000000003,70.02099999999999,0.084,0.168,0.7709999999999999,0.595,0.348
MS,2020-05-02,86.7,0.711,13703.750000000002,Mississippi,0.316,0.527,,0.168,163.17000000000002,0.168,0.536,48.111,,0.149,0.777,0.535,0.42700000000000005
MT,2020-05-02,76.2,0.612,14599.25,Montana,0.32299999999999995,0.28300000000000003,,0.14,140.28,0.15,0.306,54.721,0.078,0.12300000000000001,0.645,0.539,0.436
NC,2020-05-02,88.2,0.731,36777.5,North Carolina,0.353,0.45799999999999996,0.064,0.16699999999999998,245.46000000000006,0.309,0.541,59.858999999999995,0.12300000000000001,0.226,0.743,0.368,0.56
ND,2020-05-02,86.1,0.687,4705.0,North Dakota,0.332,0.38799999999999996,,0.22399999999999998,140.41500000000002,0.122,0.409,60.4525,,,0.745,0.621,0.363
NE,2020-05-02,86.60000000000001,0.659,13699.250000000002,Nebraska,0.2,0.451,,0.172,164.505,0.147,0.386,49.94,0.077,0.122,0.6859999999999999,0.5920000000000001,0.36
NH,2020-05-02,91.19999999999999,0.718,5737.0,New Hampshire,0.43,0.48,0.095,0.192,185.79,0.322,0.494,70.032,0.076,0.201,0.733,0.473,0.504
NJ,2020-05-02,93.8,0.805,31164.75,New Jersey,0.521,0.496,0.07200000000000001,0.16699999999999998,238.17000000000002,0.387,0.594,50.533,0.14,0.337,0.785,0.266,0.583
NM,2020-05-02,86.1,0.642,13772.75,New Mexico,0.433,0.491,0.079,0.14400000000000002,182.17499999999998,0.317,0.636,53.066,0.077,0.21,0.6779999999999999,0.304,0.65
NV,2020-05-02,85.0,0.7120000000000001,10767.0,Nevada,0.389,0.39399999999999996,0.064,0.154,168.34499999999997,0.28,0.515,85.45200000000001,0.092,0.21600000000000003,0.6859999999999999,0.245,0.636
NY,2020-05-02,91.6,0.773,33824.0,New York,0.545,0.473,0.055,0.14800000000000002,239.745,0.348,0.534,53.198499999999996,0.11199999999999999,0.35,0.742,0.32299999999999995,0.595
OH,2020-05-02,87.0,0.725,43740.75,Ohio,0.382,0.467,0.052000000000000005,0.129,239.28000000000003,0.266,0.491,66.81750000000001,0.12,0.222,0.7759999999999999,0.429,0.489
OK,2020-05-02,90.4,0.764,13623.0,Oklahoma,0.28600000000000003,0.431,0.07,0.124,208.23000000000002,0.188,0.452,61.355999999999995,0.11199999999999999,0.13699999999999998,0.797,0.6509999999999999,0.313
OR,2020-05-02,85.1,0.685,24103.0,Oregon,0.39799999999999996,0.499,0.061,0.147,233.205,0.285,0.475,64.07750000000001,0.10300000000000001,0.209,0.728,0.292,0.581
PA,2020-05-02,89.6,0.741,34475.0,Pennsylvania,0.546,0.495,0.062,0.17600000000000002,231.70499999999998,0.35600000000000004,0.524,59.774,0.14800000000000002,0.27699999999999997,0.778,0.431,0.47600000000000003
PR,2020-05-02,94.6,0.7979999999999999,1875.5,Puerto Rico,0.767,0.677,0.166,0.24,131.28,0.46299999999999997,0.774,40.5975,0.2,0.47100000000000003,0.5670000000000001,0.17800000000000002,0.7490000000000001
RI,2020-05-02,93.19999999999999,0.784,741.0,Rhode Island,0.49200000000000005,0.495,,0.162,189.51,0.326,0.629,33.721,,0.218,0.7609999999999999,0.406,0.55
SC,2020-05-02,84.4,0.7440000000000001,21401.0,South Carolina,0.327,0.47600000000000003,0.065,0.18600000000000003,157.92000000000002,0.22899999999999998,0.523,55.972,0.11199999999999999,0.20600000000000002,0.716,0.384,0.5379999999999999
SD,2020-05-02,77.8,0.597,9798.75,South Dakota,0.226,0.33299999999999996,,0.121,133.74,0.15,0.402,46.031,,,0.7340000000000001,0.564,0.401
TN,2020-05-02,87.4,0.706,46945.75,Tennessee,0.35100000000000003,0.42200000000000004,0.07,0.205,197.20499999999998,0.196,0.43,54.8135,0.125,0.18600000000000003,0.754,0.442,0.488
TX,2020-05-02,86.1,0.735,41610.0,Texas,0.396,0.44799999999999995,0.07200000000000001,0.155,221.06999999999996,0.226,0.494,64.19749999999999,0.135,0.214,0.772,0.429,0.48100000000000004
UT,2020-05-02,87.5,0.657,22102.25,Utah,0.316,0.397,0.065,0.11,213.315,0.19399999999999998,0.45,71.60900000000001,0.09300000000000001,0.187,0.75,0.44799999999999995,0.514
VA,2020-05-02,87.6,0.722,32727.0,Virginia,0.359,0.428,0.077,0.151,221.96999999999997,0.251,0.502,67.43549999999999,0.129,0.24100000000000002,0.752,0.40299999999999997,0.513
VT,2020-05-02,94.2,0.755,1854.5,Vermont,0.47700000000000004,0.41,,0.14800000000000002,122.81999999999998,0.28600000000000003,0.495,48.582499999999996,0.11800000000000001,0.20199999999999999,0.6579999999999999,0.423,0.51
WA,2020-05-02,88.1,0.742,34974.25,Washington,0.475,0.45299999999999996,0.07200000000000001,0.13,239.98499999999999,0.319,0.528,76.57549999999999,0.098,0.22399999999999998,0.7120000000000001,0.324,0.573
WI,2020-05-02,85.39999999999999,0.708,37198.5,Wisconsin,0.37,0.46,0.07200000000000001,0.166,237.405,0.231,0.49700000000000005,60.482,0.086,0.16899999999999998,0.778,0.563,0.405
WV,2020-05-02,85.60000000000001,0.69,6248.75,West Virginia,0.401,0.35,,,77.235,0.19399999999999998,0.509,29.849999999999998,,0.28800000000000003,0.693,0.418,0.536
WY,2020-05-02,83.3,0.688,8466.25,Wyoming,0.348,0.406,,0.13699999999999998,107.655,0.214,0.5920000000000001,55.570499999999996,,,0.568,0.444,0.489
AK,2020-05-09,88.19999999999999,0.588,6847.25,Alaska,0.267,0.42200000000000004,,0.161,176.595,0.212,0.374,38.651,,0.16399999999999998,0.6579999999999999,0.47600000000000003,0.499
AL,2020-05-09,81.3,0.617,16410.5,Alabama,0.35,0.41700000000000004,0.062,0.21,151.82999999999998,0.114,0.39799999999999996,71.66700000000002,0.135,0.124,0.716,0.589,0.363
AR,2020-05-09,80.3,0.655,15276.0,Arkansas,0.23800000000000002,0.467,0.06,0.14,158.85,0.14300000000000002,0.308,46.082,0.094,0.145,0.7070000000000001,0.619,0.308
AZ,2020-05-09,85.5,0.644,19605.0,Arizona,0.29600000000000004,0.433,0.05,0.127,214.35000000000002,0.22,0.41,72.6445,0.106,0.20199999999999999,0.7090000000000001,0.466,0.45
CA,2020-05-09,88.0,0.713,38471.25,California,0.442,0.435,0.065,0.141,245.74499999999995,0.273,0.489,65.9685,0.11900000000000001,0.249,0.741,0.445,0.449
CO,2020-05-09,85.39999999999999,0.667,27484.5,Colorado,0.335,0.41700000000000004,0.087,0.147,225.35999999999996,0.182,0.436,69.642,0.109,0.174,0.7040000000000001,0.545,0.405
CT,2020-05-09,88.80000000000001,0.6459999999999999,36239.25,Connecticut,0.425,0.39399999999999996,0.08199999999999999,0.14,253.36499999999998,0.242,0.415,62.098499999999994,0.12300000000000001,0.284,0.764,0.568,0.36700000000000005
DC,2020-05-09,90.7,0.726,14331.0,District of Columbia,0.48700000000000004,0.401,,0.218,127.32,0.237,0.306,69.75,,0.371,0.718,0.436,0.45899999999999996
DE,2020-05-09,87.4,0.655,6024.75,Delaware,0.371,0.406,,0.145,189.78,0.207,0.40399999999999997,48.618500000000004,0.115,0.245,0.696,0.564,0.42700000000000005
FL,2020-05-09,83.1,0.6890000000000001,30871.75,Florida,0.358,0.418,0.075,0.125,232.185,0.184,0.45,64.769,0.10800000000000001,0.215,0.763,0.501,0.406
GA,2020-05-09,82.69999999999999,0.654,41597.75,Georgia,0.304,0.385,0.052000000000000005,0.16699999999999998,211.66500000000005,0.19399999999999998,0.41700000000000004,58.027,0.114,0.193,0.763,0.514,0.4
HI,2020-05-09,86.4,0.715,5707.5,Hawaii,0.506,0.442,0.12,0.10800000000000001,218.595,0.32799999999999996,0.519,62.29900000000001,0.159,0.282,0.779,0.61,0.311
IA,2020-05-09,81.1,0.609,11749.0,Iowa,0.245,0.366,0.07,0.124,235.43999999999997,0.183,0.37200000000000005,50.5215,0.052000000000000005,0.151,0.7290000000000001,0.627,0.32799999999999996
ID,2020-05-09,82.89999999999999,0.603,15999.25,Idaho,0.294,0.405,0.055999999999999994,0.131,177.04500000000002,0.185,0.40399999999999997,46.7855,0.069,0.134,0.677,0.528,0.381
IL,2020-05-09,89.1,0.708,35584.5,Illinois,0.364,0.425,0.076,0.152,241.90499999999997,0.222,0.455,66.376,0.086,0.213,0.7879999999999999,0.629,0.313
IN,2020-05-09,87.3,0.6459999999999999,34727.25,Indiana,0.35100000000000003,0.42,0.032,0.177,197.535,0.223,0.43200000000000005,65.84649999999999,0.085,0.18600000000000003,0.74,0.606,0.335
KS,2020-05-09,85.9,0.6809999999999999,25408.75,Kansas,0.32799999999999996,0.431,0.095,0.158,234.49499999999998,0.147,0.447,52.059,0.078,0.133,0.7440000000000001,0.632,0.307
KY,2020-05-09,89.4,0.664,12742.75,Kentucky,0.326,0.386,0.059000000000000004,0.237,232.85999999999999,0.184,0.45,61.2285,0.07400000000000001,0.161,0.7440000000000001,0.605,0.344
LA,2020-05-09,88.7,0.7490000000000001,16076.5,Louisiana,0.366,0.469,0.045,0.149,238.065,0.204,0.511,60.7855,0.08900000000000001,0.18100000000000002,0.8140000000000001,0.649,0.265
MA,2020-05-09,84.6,0.711,38538.0,Massachusetts,0.461,0.444,0.068,0.129,250.23,0.284,0.43799999999999994,74.031,0.106,0.22699999999999998,0.7759999999999999,0.621,0.312
MD,2020-05-09,89.0,0.735,50871.5,Maryland,0.385,0.45299999999999996,0.08199999999999999,0.109,242.89499999999998,0.237,0.466,62.48049999999999,0.113,0.23,0.7390000000000001,0.5379999999999999,0.415
ME,2020-05-09,87.6,0.693,6403.0,Maine,0.342,0.48100000000000004,,0.225,191.4,0.213,0.434,66.28649999999999,0.132,0.188,0.728,0.637,0.311
MI,2020-05-09,91.8,0.731,29284.25,Michigan,0.506,0.49,0.046,0.18100000000000002,218.74500000000003,0.315,0.513,61.36149999999999,0.106,0.20199999999999999,0.759,0.564,0.33799999999999997
MN,2020-05-09,82.39999999999999,0.67,40473.0,Minnesota,0.28,0.373,0.055999999999999994,0.133,247.60499999999996,0.218,0.34700000000000003,73.828,0.073,0.153,0.7559999999999999,0.624,0.33
MO,2020-05-09,87.9,0.6859999999999999,24210.75,Missouri,0.359,0.45899999999999996,0.059000000000000004,0.141,215.90999999999997,0.207,0.41,66.65050000000001,0.068,0.15,0.7909999999999999,0.672,0.299
MS,2020-05-09,92.0,0.7020000000000001,6755.5,Mississippi,0.348,0.521,,0.11699999999999999,110.26500000000001,0.203,0.49,30.054000000000002,,0.22,0.8340000000000001,0.7120000000000001,0.205
MT,2020-05-09,76.89999999999999,0.426,6520.75,Montana,0.275,0.397,0.06,0.091,181.5,0.149,0.374,54.74900000000001,0.064,0.12,0.5870000000000001,0.536,0.39
NC,2020-05-09,84.8,0.645,26219.0,North Carolina,0.294,0.418,0.069,0.172,224.145,0.185,0.445,61.95899999999999,0.086,0.174,0.7120000000000001,0.507,0.408
ND,2020-05-09,77.10000000000001,0.588,6587.750000000001,North Dakota,0.174,0.37200000000000005,,0.1,148.785,0.124,0.316,53.543,,0.083,0.721,0.6859999999999999,0.253
NE,2020-05-09,81.5,0.616,12455.25,Nebraska,0.23199999999999998,0.39799999999999996,0.044000000000000004,0.14300000000000002,180.88499999999996,0.124,0.316,53.1275,,0.075,0.737,0.69,0.244
NH,2020-05-09,83.3,0.6,24471.0,New Hampshire,0.317,0.44799999999999995,0.057,0.192,235.89,0.184,0.358,50.938,0.096,0.19,0.762,0.593,0.368
NJ,2020-05-09,92.19999999999999,0.758,35879.0,New Jersey,0.48,0.518,0.064,0.155,245.99999999999997,0.313,0.512,58.3825,0.138,0.327,0.768,0.507,0.39399999999999996
NM,2020-05-09,86.7,0.708,21722.25,New Mexico,0.381,0.406,0.055,0.192,216.57000000000002,0.258,0.434,55.64650000000001,0.179,0.265,0.711,0.509,0.41700000000000004
NV,2020-05-09,87.6,0.701,12775.5,Nevada,0.35,0.41200000000000003,0.071,0.142,243.89999999999998,0.259,0.44,63.26649999999999,0.091,0.21,0.741,0.461,0.45
NY,2020-05-09,88.7,0.7559999999999999,37031.5,New York,0.539,0.46,0.069,0.141,263.4,0.29100000000000004,0.457,60.138999999999996,0.146,0.358,0.764,0.5660000000000001,0.358
OH,2020-05-09,86.5,0.6629999999999999,44909.0,Ohio,0.366,0.45,0.055999999999999994,0.153,251.17499999999995,0.251,0.42,64.537,0.091,0.198,0.779,0.605,0.341
OK,2020-05-09,84.7,0.644,11406.25,Oklahoma,0.298,0.42100000000000004,0.051,0.193,238.19999999999996,0.14800000000000002,0.43200000000000005,56.278000000000006,0.092,0.128,0.7709999999999999,0.685,0.267
OR,2020-05-09,87.6,0.682,34579.0,Oregon,0.327,0.392,0.07,0.10300000000000001,265.23,0.23,0.451,73.114,0.10400000000000001,0.193,0.685,0.455,0.467
PA,2020-05-09,86.7,0.688,34515.5,Pennsylvania,0.442,0.45899999999999996,0.057,0.157,235.245,0.258,0.436,61.79849999999999,0.109,0.223,0.75,0.593,0.32899999999999996
PR,2020-05-09,95.19999999999999,0.769,4541.0,Puerto Rico,0.725,0.662,0.172,0.205,175.5,0.361,0.655,39.04650000000001,0.23,0.499,0.6709999999999999,0.28800000000000003,0.591
RI,2020-05-09,95.3,0.733,7775.999999999999,Rhode Island,0.377,0.37200000000000005,,,109.36499999999998,0.19,0.425,47.14,,0.22,0.677,0.555,0.35600000000000004
SC,2020-05-09,83.3,0.638,40441.5,South Carolina,0.324,0.41200000000000003,0.048,0.133,203.46000000000004,0.2,0.39399999999999996,55.466499999999996,0.09300000000000001,0.205,0.7559999999999999,0.595,0.354
SD,2020-05-09,80.7,0.527,7661.75,South Dakota,0.237,0.349,,0.17800000000000002,134.205,0.145,0.307,62.346500000000006,,,0.703,0.627,0.305
TN,2020-05-09,87.9,0.622,26719.75,Tennessee,0.284,0.47700000000000004,0.068,0.163,222.51000000000002,0.187,0.39,65.4505,0.094,0.151,0.7929999999999999,0.66,0.304
TX,2020-05-09,85.0,0.6659999999999999,43000.25,Texas,0.307,0.408,0.078,0.155,238.605,0.16399999999999998,0.387,67.07499999999999,0.12300000000000001,0.191,0.758,0.61,0.327
UT,2020-05-09,80.8,0.595,35367.75,Utah,0.23399999999999999,0.401,0.053,0.107,185.895,0.14300000000000002,0.391,60.1995,0.10800000000000001,0.177,0.733,0.563,0.40399999999999997
VA,2020-05-09,84.2,0.6679999999999999,40389.25,Virginia,0.33299999999999996,0.396,0.068,0.142,239.79000000000008,0.188,0.42100000000000004,71.856,0.11,0.252,0.75,0.488,0.408
VT,2020-05-09,89.19999999999999,0.715,5156.0,Vermont,0.43700000000000006,0.511,,0.191,122.41499999999999,0.177,0.44,52.078500000000005,0.094,0.14400000000000002,0.691,0.627,0.293
WA,2020-05-09,84.80000000000001,0.69,33275.0,Washington,0.447,0.452,0.081,0.145,246.75,0.254,0.466,69.827,0.094,0.235,0.703,0.474,0.42
WI,2020-05-09,84.00000000000001,0.6859999999999999,37777.0,Wisconsin,0.306,0.436,0.084,0.182,230.56500000000003,0.204,0.392,69.7045,0.091,0.155,0.7490000000000001,0.629,0.33799999999999997
WV,2020-05-09,83.1,0.726,3943.0,West Virginia,0.33,0.415,,0.18,109.65,0.266,0.401,27.7165,0.171,0.24100000000000002,0.7509999999999999,0.584,0.37200000000000005
WY,2020-05-09,83.39999999999999,0.574,2151.25,Wyoming,0.294,0.505,,0.163,123.21000000000001,0.17,0.41600000000000004,34.036,,,0.733,0.578,0.366
AK,2020-05-16,91.0,0.691,2379.5,Alaska,0.332,0.44299999999999995,,0.102,197.14500000000004,0.235,0.478,60.496,,0.121,0.74,0.69,0.293
AL,2020-05-16,84.8,0.536,17586.25,Alabama,0.27,0.40700000000000003,,0.18899999999999997,197.64000000000001,0.14,0.314,37.986000000000004,0.067,0.145,0.848,0.767,0.19
AR,2020-05-16,77.69999999999999,0.5720000000000001,13967.25,Arkansas,0.156,0.414,,0.21,167.655,0.174,0.309,47.438500000000005,0.132,0.11,0.693,0.643,0.32
AZ,2020-05-16,77.8,0.5579999999999999,31215.25,Arizona,0.258,0.374,0.047,0.09699999999999999,217.39500000000004,0.149,0.327,63.605999999999995,0.07200000000000001,0.179,0.721,0.648,0.318
CA,2020-05-16,85.9,0.654,35576.75,California,0.409,0.419,0.075,0.14400000000000002,260.28000000000003,0.242,0.406,74.071,0.111,0.242,0.728,0.617,0.327
CO,2020-05-16,84.6,0.5489999999999999,37412.25,Colorado,0.28600000000000003,0.40299999999999997,0.065,0.11,239.68500000000003,0.155,0.326,73.58399999999999,0.083,0.163,0.691,0.639,0.305
CT,2020-05-16,90.4,0.638,25308.75,Connecticut,0.387,0.402,0.07200000000000001,0.147,266.94,0.192,0.381,68.661,0.096,0.27699999999999997,0.747,0.6759999999999999,0.262
DC,2020-05-16,87.9,0.65,1755.0,District of Columbia,0.452,0.366,0.12300000000000001,,203.79000000000002,0.195,0.365,62.54999999999999,,0.344,0.758,0.596,0.33799999999999997
DE,2020-05-16,83.89999999999999,0.584,6228.5,Delaware,0.359,0.518,,0.192,112.91999999999999,0.24600000000000002,0.397,33.0585,0.11,0.20800000000000002,0.733,0.682,0.275
FL,2020-05-16,88.3,0.647,28552.25,Florida,0.321,0.4,0.066,0.12,238.85999999999999,0.161,0.381,64.1425,0.11199999999999999,0.218,0.753,0.649,0.293
GA,2020-05-16,88.1,0.599,39078.25,Georgia,0.268,0.41200000000000003,0.079,0.145,224.97000000000003,0.136,0.34,73.81500000000001,0.10300000000000001,0.18,0.7509999999999999,0.6659999999999999,0.27
HI,2020-05-16,87.9,0.7140000000000001,6812.5,Hawaii,0.409,0.433,,0.156,284.20500000000004,0.249,0.536,61.851,0.157,0.317,0.733,0.653,0.319
IA,2020-05-16,83.2,0.555,26856.0,Iowa,0.207,0.33899999999999997,0.071,0.165,209.79,0.135,0.254,54.878,0.053,0.10800000000000001,0.7390000000000001,0.691,0.273
ID,2020-05-16,77.5,0.489,11262.5,Idaho,0.20199999999999999,0.46,0.083,0.122,133.57500000000002,0.154,0.32899999999999996,54.465,0.07200000000000001,0.171,0.684,0.635,0.36
IL,2020-05-16,88.39999999999999,0.703,36831.25,Illinois,0.322,0.415,0.063,0.14,274.575,0.18899999999999997,0.392,64.9935,0.09300000000000001,0.204,0.752,0.691,0.263
IN,2020-05-16,83.5,0.578,34134.25,Indiana,0.24100000000000002,0.43799999999999994,0.071,0.126,226.33499999999998,0.16399999999999998,0.327,64.437,0.073,0.15,0.7709999999999999,0.705,0.266
KS,2020-05-16,80.0,0.565,15706.75,Kansas,0.263,0.381,0.051,0.17,219.945,0.087,0.298,66.67900000000002,0.068,0.142,0.764,0.721,0.22899999999999998
KY,2020-05-16,82.69999999999999,0.5429999999999999,13967.25,Kentucky,0.348,0.43200000000000005,0.083,0.19899999999999998,199.68,0.16699999999999998,0.385,66.51600000000002,0.10300000000000001,0.158,0.691,0.6509999999999999,0.28300000000000003
LA,2020-05-16,85.3,0.655,19116.5,Louisiana,0.33299999999999996,0.401,0.08199999999999999,0.156,244.8,0.18100000000000002,0.39899999999999997,55.83550000000001,0.12300000000000001,0.198,0.789,0.713,0.23800000000000002
MA,2020-05-16,89.60000000000001,0.679,35134.5,Massachusetts,0.415,0.423,0.066,0.157,281.49,0.249,0.41600000000000004,74.9445,0.086,0.198,0.7140000000000001,0.652,0.293
MD,2020-05-16,82.8,0.6559999999999999,36056.5,Maryland,0.36,0.46799999999999997,0.065,0.14,256.72499999999997,0.19399999999999998,0.415,68.16650000000001,0.132,0.22399999999999998,0.742,0.6579999999999999,0.305
ME,2020-05-16,85.9,0.531,13633.75,Maine,0.341,0.42200000000000004,0.055999999999999994,0.177,198.45,0.102,0.28300000000000003,49.9945,0.064,0.127,0.802,0.731,0.255
MI,2020-05-16,93.39999999999999,0.6859999999999999,28366.75,Michigan,0.466,0.488,0.061,0.179,250.59,0.268,0.45,57.5675,0.11699999999999999,0.237,0.746,0.6890000000000001,0.256
MN,2020-05-16,84.0,0.598,37739.5,Minnesota,0.28600000000000003,0.431,0.08199999999999999,0.17300000000000001,266.175,0.154,0.331,73.55850000000001,0.08,0.14400000000000002,0.755,0.7120000000000001,0.23800000000000002
MO,2020-05-16,82.89999999999999,0.57,30987.5,Missouri,0.252,0.43,0.025,0.134,209.44499999999996,0.11599999999999999,0.308,69.01150000000001,0.07200000000000001,0.17300000000000001,0.763,0.715,0.242
MS,2020-05-16,82.69999999999999,0.59,13039.5,Mississippi,0.228,0.493,,0.121,149.57999999999998,0.146,0.337,42.975,0.134,0.174,0.8029999999999999,0.7809999999999999,0.16699999999999998
MT,2020-05-16,82.5,0.461,7527.5,Montana,0.198,0.409,0.076,0.11800000000000001,163.53000000000003,0.10800000000000001,0.321,51.80049999999999,0.107,0.165,0.627,0.581,0.35600000000000004
NC,2020-05-16,86.3,0.628,32506.25,North Carolina,0.313,0.457,0.085,0.145,245.46,0.16899999999999998,0.38,67.741,0.102,0.22699999999999998,0.743,0.6509999999999999,0.284
ND,2020-05-16,90.10000000000001,0.604,8700.5,North Dakota,0.196,0.413,,0.163,123.14999999999999,,0.341,32.346000000000004,,0.168,0.743,0.723,0.254
NE,2020-05-16,85.1,0.6509999999999999,14126.0,Nebraska,0.22399999999999998,0.41,,0.177,180.495,0.145,0.355,47.772999999999996,0.051,0.094,0.74,0.6859999999999999,0.257
NH,2020-05-16,89.3,0.68,14570.0,New Hampshire,0.38799999999999996,0.433,,0.157,247.21500000000003,0.16699999999999998,0.314,63.8805,0.133,0.205,0.8290000000000001,0.794,0.179
NJ,2020-05-16,87.4,0.662,34968.5,New Jersey,0.41,0.42100000000000004,0.063,0.139,254.13,0.221,0.36700000000000005,62.797500000000014,0.115,0.289,0.773,0.669,0.292
NM,2020-05-16,81.89999999999999,0.6729999999999999,13942.25,New Mexico,0.369,0.402,0.054000000000000006,0.183,213.85500000000002,0.175,0.365,54.5375,0.07200000000000001,0.196,0.6779999999999999,0.618,0.287
NV,2020-05-16,89.0,0.606,13874.25,Nevada,0.319,0.40700000000000003,0.052000000000000005,0.1,263.95500000000004,0.196,0.374,70.92599999999999,0.11,0.22399999999999998,0.745,0.634,0.337
NY,2020-05-16,87.7,0.721,34478.5,New York,0.514,0.47700000000000004,0.068,0.15,268.81500000000005,0.253,0.41200000000000003,62.6665,0.125,0.314,0.774,0.682,0.256
OH,2020-05-16,85.09999999999998,0.5760000000000001,41394.75,Ohio,0.258,0.386,0.061,0.13699999999999998,261.69,0.166,0.336,69.571,0.091,0.185,0.777,0.706,0.245
OK,2020-05-16,80.89999999999999,0.539,15499.5,Oklahoma,0.23800000000000002,0.337,0.06,0.12,213.225,0.094,0.299,71.0605,0.055999999999999994,0.11199999999999999,0.742,0.71,0.257
OR,2020-05-16,84.7,0.6459999999999999,25595.0,Oregon,0.302,0.385,0.069,0.14300000000000002,243.70499999999998,0.16899999999999998,0.38,71.971,0.08800000000000001,0.19699999999999998,0.7240000000000001,0.634,0.315
PA,2020-05-16,89.69999999999999,0.643,32911.0,Pennsylvania,0.43,0.45299999999999996,0.068,0.14400000000000002,231.75,0.228,0.395,63.11749999999999,0.105,0.23800000000000002,0.757,0.682,0.256
PR,2020-05-16,95.8,0.826,4225.25,Puerto Rico,0.674,0.605,0.115,0.17,201.555,0.377,0.648,47.21650000000001,0.23600000000000002,0.457,0.706,0.632,0.256
RI,2020-05-16,77.2,0.631,13894.0,Rhode Island,0.428,0.413,,0.179,171.495,0.27,0.40399999999999997,53.89149999999999,,0.168,0.672,0.5920000000000001,0.35600000000000004
SC,2020-05-16,79.5,0.532,34645.5,South Carolina,0.214,0.386,0.081,0.11900000000000001,187.59,0.161,0.298,65.1335,0.065,0.147,0.743,0.633,0.309
SD,2020-05-16,81.60000000000001,0.5429999999999999,5962.75,South Dakota,0.184,0.366,,,169.58999999999997,0.106,0.285,53.17750000000001,,,0.665,0.665,0.29100000000000004
TN,2020-05-16,82.1,0.545,42035.75,Tennessee,0.21899999999999997,0.43200000000000005,0.062,0.14,230.46,0.126,0.29100000000000004,49.3505,0.094,0.14400000000000002,0.795,0.72,0.245
TX,2020-05-16,85.5,0.609,40387.0,Texas,0.27399999999999997,0.385,0.07200000000000001,0.138,244.69500000000005,0.145,0.33399999999999996,70.44899999999998,0.11599999999999999,0.184,0.7709999999999999,0.693,0.262
UT,2020-05-16,77.39999999999999,0.48200000000000004,26020.5,Utah,0.177,0.358,0.077,0.07400000000000001,203.85000000000002,0.106,0.272,55.025000000000006,0.057999999999999996,0.109,0.7140000000000001,0.642,0.326
VA,2020-05-16,85.60000000000001,0.606,43567.5,Virginia,0.27899999999999997,0.37799999999999995,0.059000000000000004,0.12,237.60000000000005,0.16699999999999998,0.35,71.56050000000002,0.09699999999999999,0.2,0.726,0.632,0.312
VT,2020-05-16,89.0,0.518,7466.0,Vermont,0.29600000000000004,0.34600000000000003,,0.214,113.355,0.09,0.221,50.80950000000001,,0.142,0.677,0.638,0.307
WA,2020-05-16,88.1,0.62,38026.5,Washington,0.387,0.414,0.057,0.113,249.285,0.18899999999999997,0.369,70.30199999999999,0.087,0.21,0.735,0.6459999999999999,0.303
WI,2020-05-16,81.99999999999999,0.629,36726.0,Wisconsin,0.341,0.389,0.066,0.177,256.695,0.16899999999999998,0.34299999999999997,64.6665,0.083,0.163,0.733,0.691,0.263
WV,2020-05-16,84.6,0.596,9684.0,West Virginia,0.21899999999999997,0.539,,0.19399999999999998,102.63000000000001,0.193,0.35200000000000004,27.345999999999997,,0.156,0.8029999999999999,0.775,0.198
WY,2020-05-16,82.2,0.544,12881.75,Wyoming,0.18100000000000002,0.41700000000000004,,,162.42000000000002,,0.312,48.8315,,0.11599999999999999,0.679,0.621,0.27899999999999997
AK,2020-05-23,91.39999999999999,0.649,21154.5,Alaska,0.321,0.425,,,93.72,,0.319,35.91,,0.13699999999999998,0.733,0.6759999999999999,0.298
AL,2020-05-23,79.10000000000001,0.49700000000000005,131792.25,Alabama,0.151,0.391,,0.053,234.98999999999998,0.11800000000000001,0.28600000000000003,55.019,0.055999999999999994,0.099,0.795,0.78,0.18100000000000002
AR,2020-05-23,87.20000000000002,0.514,102197.5,Arkansas,0.184,0.384,,0.107,217.93499999999997,0.062,0.214,55.9405,,0.086,0.816,0.809,0.16699999999999998
AZ,2020-05-23,80.10000000000001,0.584,107692.5,Arizona,0.2,0.317,0.047,0.08199999999999999,254.145,0.15,0.313,70.7565,0.064,0.153,0.66,0.5760000000000001,0.375
CA,2020-05-23,86.5,0.622,101414.25,California,0.39399999999999996,0.405,0.081,0.127,289.03499999999997,0.203,0.36,91.78450000000001,0.079,0.222,0.75,0.6709999999999999,0.28
CO,2020-05-23,81.0,0.5589999999999999,92010.5,Colorado,0.22699999999999998,0.37799999999999995,0.065,0.106,290.8349999999999,0.146,0.299,92.0185,0.044000000000000004,0.133,0.721,0.6659999999999999,0.285
CT,2020-05-23,79.3,0.61,115542.0,Connecticut,0.331,0.466,0.048,0.177,262.90500000000003,0.147,0.314,63.967,0.077,0.18600000000000003,0.8009999999999999,0.7609999999999999,0.212
DC,2020-05-23,81.3,0.624,5026.75,District of Columbia,0.5329999999999999,0.29100000000000004,,,197.70000000000002,,0.33799999999999997,45.61750000000001,,0.23800000000000002,0.6920000000000001,0.632,0.34299999999999997
DE,2020-05-23,94.8,0.488,20365.0,Delaware,0.349,0.479,0.10099999999999999,,119.42999999999999,0.102,0.287,59.176,,0.146,0.8220000000000001,0.773,0.191
FL,2020-05-23,82.49999999999999,0.585,85445.0,Florida,0.27399999999999997,0.35600000000000004,0.067,0.094,258.07500000000005,0.115,0.301,79.03800000000001,0.06,0.16,0.711,0.652,0.299
GA,2020-05-23,83.0,0.5820000000000001,103234.0,Georgia,0.237,0.405,0.085,0.106,257.80499999999995,0.139,0.34,84.938,0.039,0.16399999999999998,0.763,0.7070000000000001,0.247
HI,2020-05-23,84.3,0.626,20742.75,Hawaii,0.29,0.354,,0.147,182.7,0.23,0.374,58.067,,0.21100000000000002,0.768,0.711,0.235
IA,2020-05-23,80.3,0.593,108125.75,Iowa,0.27,0.401,0.061,0.085,182.51999999999998,0.124,0.271,64.5025,,0.102,0.77,0.7609999999999999,0.214
ID,2020-05-23,84.0,0.551,83811.5,Idaho,0.223,0.354,0.066,0.059000000000000004,172.32,0.066,0.309,66.8945,,0.12300000000000001,0.708,0.6990000000000001,0.263
IL,2020-05-23,86.4,0.6609999999999999,105817.0,Illinois,0.348,0.408,0.063,0.126,290.74500000000006,0.14800000000000002,0.364,80.05,0.049,0.19,0.768,0.726,0.22399999999999998
IN,2020-05-23,81.3,0.579,109800.0,Indiana,0.21899999999999997,0.38,0.035,0.07200000000000001,256.15500000000003,0.125,0.324,63.9725,0.047,0.138,0.747,0.732,0.23399999999999999
KS,2020-05-23,80.69999999999999,0.5479999999999999,103411.75,Kansas,0.187,0.36,0.049,0.111,199.64999999999998,0.09,0.249,66.6275,,0.111,0.742,0.72,0.24100000000000002
KY,2020-05-23,80.4,0.57,89416.75,Kentucky,0.292,0.39799999999999996,0.034,0.17,245.79000000000005,0.094,0.251,56.1395,,0.134,0.649,0.606,0.33799999999999997
LA,2020-05-23,86.0,0.6409999999999999,96349.5,Louisiana,0.34600000000000003,0.386,,0.11,233.39999999999998,0.168,0.32,53.8335,,0.08900000000000001,0.762,0.716,0.212
MA,2020-05-23,88.80000000000001,0.61,107096.25,Massachusetts,0.381,0.435,0.055,0.124,300.03000000000003,0.179,0.313,95.89950000000002,0.05,0.154,0.753,0.726,0.213
MD,2020-05-23,86.5,0.59,99050.75,Maryland,0.363,0.385,0.061,0.114,282.9,0.185,0.353,82.4235,0.059000000000000004,0.188,0.753,0.672,0.29600000000000004
ME,2020-05-23,80.4,0.5529999999999999,35462.25,Maine,0.254,0.441,,0.13699999999999998,286.12500000000006,0.188,0.271,47.60399999999999,,0.121,0.696,0.6659999999999999,0.298
MI,2020-05-23,89.4,0.642,79682.5,Michigan,0.39899999999999997,0.452,0.063,0.158,274.41,0.19699999999999998,0.354,80.097,0.054000000000000006,0.187,0.7559999999999999,0.708,0.22699999999999998
MN,2020-05-23,83.79999999999998,0.598,113700.25,Minnesota,0.23399999999999999,0.38299999999999995,0.051,0.15,302.09999999999997,0.185,0.331,91.1325,0.034,0.113,0.774,0.757,0.20600000000000002
MO,2020-05-23,83.0,0.52,99943.75,Missouri,0.239,0.401,0.073,0.096,274.83000000000004,0.134,0.311,84.18799999999999,0.055,0.156,0.76,0.7240000000000001,0.23399999999999999
MS,2020-05-23,83.7,0.547,46499.0,Mississippi,0.18600000000000003,0.364,,,175.30499999999998,0.157,0.242,50.0265,,0.128,0.762,0.7,0.23600000000000002
MT,2020-05-23,71.3,0.408,22855.0,Montana,0.196,0.40700000000000003,,,218.415,0.077,0.205,64.673,,0.096,0.595,0.5529999999999999,0.396
NC,2020-05-23,85.3,0.562,100434.25,North Carolina,0.292,0.396,0.067,0.10099999999999999,286.74,0.166,0.315,83.9215,0.040999999999999995,0.131,0.745,0.6729999999999999,0.257
ND,2020-05-23,79.89999999999999,0.555,24060.0,North Dakota,0.182,0.348,,,198.345,0.191,0.344,42.579499999999996,,,0.715,0.715,0.249
NE,2020-05-23,76.2,0.537,113278.5,Nebraska,0.196,0.382,,0.13699999999999998,222.15,0.102,0.317,62.34850000000001,,,0.737,0.721,0.24600000000000002
NH,2020-05-23,87.20000000000002,0.5529999999999999,98781.00000000001,New Hampshire,0.28800000000000003,0.42700000000000005,,0.12,217.77,0.161,0.28,59.23400000000001,,0.154,0.7070000000000001,0.69,0.267
NJ,2020-05-23,86.8,0.5760000000000001,95922.75,New Jersey,0.40299999999999997,0.39799999999999996,0.057999999999999996,0.13699999999999998,287.355,0.19899999999999998,0.348,72.3895,0.071,0.217,0.767,0.684,0.267
NM,2020-05-23,80.80000000000001,0.563,43497.25,New Mexico,0.317,0.43200000000000005,,0.22699999999999998,259.10999999999996,0.193,0.349,56.8805,0.055999999999999994,0.14800000000000002,0.687,0.6579999999999999,0.29600000000000004
NV,2020-05-23,87.9,0.635,89732.25,Nevada,0.36700000000000005,0.373,0.081,0.11,291.63,0.165,0.32799999999999996,58.8665,0.094,0.214,0.757,0.6759999999999999,0.294
NY,2020-05-23,89.5,0.65,92142.75,New York,0.498,0.469,0.07200000000000001,0.14400000000000002,297.01500000000004,0.21899999999999997,0.366,78.45949999999999,0.081,0.27,0.773,0.705,0.247
OH,2020-05-23,82.5,0.565,111277.5,Ohio,0.22899999999999998,0.419,0.065,0.09300000000000001,271.365,0.146,0.285,85.3885,0.066,0.14800000000000002,0.804,0.773,0.184
OK,2020-05-23,78.5,0.575,94952.25,Oklahoma,0.188,0.35600000000000004,0.064,0.09,243.49499999999995,0.10099999999999999,0.282,60.74550000000001,,0.08900000000000001,0.787,0.7659999999999999,0.192
OR,2020-05-23,84.80000000000001,0.585,102553.5,Oregon,0.32,0.40299999999999997,0.053,0.141,285.045,0.14,0.32,69.2235,0.062,0.153,0.7140000000000001,0.662,0.29600000000000004
PA,2020-05-23,89.0,0.6,99105.25,Pennsylvania,0.35100000000000003,0.40299999999999997,0.07200000000000001,0.14800000000000002,274.08,0.20800000000000002,0.35700000000000004,94.441,0.051,0.154,0.74,0.6890000000000001,0.253
PR,2020-05-23,92.0,0.6759999999999999,44170.25,Puerto Rico,0.583,0.51,0.10099999999999999,0.253,222.19500000000005,0.266,0.44799999999999995,48.792,0.114,0.313,0.684,0.614,0.295
RI,2020-05-23,84.0,0.597,65460.25,Rhode Island,0.331,0.478,,0.128,109.2,0.134,0.195,47.692499999999995,,,0.657,0.632,0.289
SC,2020-05-23,76.0,0.526,93518.0,South Carolina,0.222,0.42700000000000005,0.057999999999999996,0.062,215.79000000000002,0.096,0.276,69.90950000000001,,0.11,0.726,0.687,0.259
SD,2020-05-23,80.2,0.654,23052.5,South Dakota,0.12,0.33299999999999996,,0.10099999999999999,170.44500000000002,0.136,0.313,56.416,,,0.779,0.753,0.235
TN,2020-05-23,87.1,0.48,109874.75,Tennessee,0.18899999999999997,0.434,0.049,0.091,278.01,0.091,0.19399999999999998,64.5755,0.045,0.114,0.777,0.755,0.22699999999999998
TX,2020-05-23,80.5,0.557,110266.0,Texas,0.244,0.382,0.07200000000000001,0.10400000000000001,254.82,0.13,0.3,89.14399999999999,0.059000000000000004,0.129,0.7559999999999999,0.7070000000000001,0.25
UT,2020-05-23,78.5,0.478,108248.75,Utah,0.174,0.36200000000000004,0.049,0.077,233.43,0.087,0.29100000000000004,66.4945,0.07,0.15,0.721,0.667,0.298
VA,2020-05-23,80.60000000000001,0.579,96951.0,Virginia,0.28600000000000003,0.384,0.064,0.115,278.17499999999995,0.142,0.33799999999999997,89.1235,0.061,0.157,0.75,0.6990000000000001,0.257
VT,2020-05-23,78.4,0.525,6550.000000000001,Vermont,0.319,0.38799999999999996,,0.18,249.42000000000002,0.129,0.223,41.0255,,0.174,0.674,0.639,0.315
WA,2020-05-23,84.5,0.5870000000000001,98277.5,Washington,0.32799999999999996,0.392,0.059000000000000004,0.139,257.49,0.175,0.311,100.923,0.042,0.142,0.68,0.632,0.3
WI,2020-05-23,79.1,0.573,106950.25,Wisconsin,0.268,0.41600000000000004,0.055999999999999994,0.166,272.70000000000005,0.138,0.308,58.990500000000004,0.042,0.125,0.738,0.72,0.245
WV,2020-05-23,86.60000000000001,0.561,23795.75,West Virginia,0.258,0.47200000000000003,,,119.61000000000001,0.188,0.342,46.029,,,0.723,0.635,0.29100000000000004
WY,2020-05-23,79.0,0.588,8921.25,Wyoming,0.265,0.27,,,158.22000000000003,0.136,0.23600000000000002,34.6075,,,0.604,0.5579999999999999,0.396
AK,2020-05-30,80.0,0.445,13707.250000000002,Alaska,0.244,0.326,,,157.23000000000002,,0.21899999999999997,45.857,,,0.624,0.57,0.381
AL,2020-05-30,81.2,0.47600000000000003,103451.5,Alabama,0.18600000000000003,0.37799999999999995,0.057,0.063,201.675,0.076,0.19699999999999998,62.7915,,0.10400000000000001,0.785,0.765,0.18600000000000003
AR,2020-05-30,78.4,0.537,60584.0,Arkansas,0.134,0.364,0.095,,242.145,0.08800000000000001,0.2,55.73650000000001,,0.1,0.7140000000000001,0.701,0.26
AZ,2020-05-30,77.0,0.457,115566.25,Arizona,0.217,0.319,0.064,0.08800000000000001,236.685,0.08800000000000001,0.23600000000000002,74.34450000000001,0.032,0.11199999999999999,0.743,0.6809999999999999,0.295
CA,2020-05-30,83.1,0.573,99819.5,California,0.365,0.38299999999999995,0.068,0.127,278.70000000000005,0.179,0.321,91.18,0.065,0.188,0.738,0.6809999999999999,0.268
CO,2020-05-30,80.8,0.522,101104.0,Colorado,0.212,0.355,0.064,0.09,271.33500000000004,0.114,0.29,95.02200000000002,0.046,0.114,0.726,0.7090000000000001,0.263
CT,2020-05-30,83.0,0.47,110172.0,Connecticut,0.27699999999999997,0.35,0.059000000000000004,0.14300000000000002,300.78000000000003,0.10099999999999999,0.235,61.766,0.076,0.163,0.8370000000000001,0.816,0.157
DC,2020-05-30,80.89999999999999,0.529,17571.0,District of Columbia,0.47100000000000003,0.271,,,216.57000000000005,,0.299,43.217,,0.182,0.66,0.608,0.327
DE,2020-05-30,89.9,0.619,20433.75,Delaware,0.397,0.419,,0.16399999999999998,184.275,0.18100000000000002,0.364,53.182500000000005,,0.151,0.7759999999999999,0.737,0.253
FL,2020-05-30,82.10000000000001,0.541,85913.25,Florida,0.225,0.35600000000000004,0.057,0.1,265.665,0.111,0.295,86.91050000000001,0.054000000000000006,0.161,0.758,0.703,0.23800000000000002
GA,2020-05-30,80.5,0.5329999999999999,105662.25,Georgia,0.278,0.344,0.03,0.073,247.59,0.095,0.266,82.764,0.05,0.131,0.775,0.7240000000000001,0.223
HI,2020-05-30,89.6,0.561,30407.25,Hawaii,0.28600000000000003,0.34700000000000003,,0.08199999999999999,216.15,0.16699999999999998,0.37200000000000005,50.1155,,0.151,0.7979999999999999,0.7390000000000001,0.203
IA,2020-05-30,80.10000000000001,0.502,112792.75,Iowa,0.153,0.34,0.06,0.07,239.79000000000002,0.08199999999999999,0.23399999999999999,61.1515,,0.054000000000000006,0.6920000000000001,0.6609999999999999,0.287
ID,2020-05-30,75.0,0.36,84210.0,Idaho,0.205,0.39,,0.091,237.95999999999998,,0.18100000000000002,67.7875,,0.07200000000000001,0.6809999999999999,0.653,0.295
IL,2020-05-30,85.2,0.564,114151.5,Illinois,0.305,0.34299999999999997,0.06,0.128,282.375,0.11800000000000001,0.303,85.2605,0.040999999999999995,0.14300000000000002,0.789,0.763,0.20199999999999999
IN,2020-05-30,74.1,0.48100000000000004,110753.75,Indiana,0.161,0.382,0.048,0.068,263.67,0.11,0.262,68.2515,0.033,0.099,0.784,0.7559999999999999,0.214
KS,2020-05-30,81.69999999999999,0.489,118537.0,Kansas,0.16899999999999998,0.293,0.043,0.076,280.365,0.10400000000000001,0.23199999999999998,57.95700000000001,,0.10800000000000001,0.792,0.7609999999999999,0.204
KY,2020-05-30,78.7,0.47600000000000003,97184.0,Kentucky,0.217,0.34600000000000003,0.045,0.139,180.96,0.107,0.257,59.668499999999995,,0.079,0.73,0.698,0.259
LA,2020-05-30,83.2,0.525,93414.75,Louisiana,0.239,0.396,0.054000000000000006,0.067,217.73999999999998,0.105,0.267,57.8815,,0.142,0.804,0.77,0.19
MA,2020-05-30,87.7,0.557,109279.75,Massachusetts,0.42100000000000004,0.402,0.062,0.114,278.11500000000007,0.175,0.31,93.682,0.069,0.17800000000000002,0.7609999999999999,0.7440000000000001,0.207
MD,2020-05-30,82.8,0.515,128619.75,Maryland,0.278,0.375,0.061,0.11699999999999999,275.85,0.109,0.292,71.8285,0.057999999999999996,0.155,0.728,0.7,0.262
ME,2020-05-30,84.1,0.562,21673.5,Maine,0.33399999999999996,0.42200000000000004,,0.16,271.44,0.091,0.255,45.861,,0.11,0.768,0.735,0.23
MI,2020-05-30,88.89999999999999,0.5489999999999999,89464.25,Michigan,0.387,0.44299999999999995,0.027000000000000003,0.152,290.19,0.18100000000000002,0.335,91.0135,0.045,0.18600000000000003,0.775,0.737,0.22699999999999998
MN,2020-05-30,82.69999999999999,0.552,113608.75,Minnesota,0.19699999999999998,0.336,0.032,0.111,299.90999999999997,0.14,0.285,100.5995,0.044000000000000004,0.11699999999999999,0.6990000000000001,0.6659999999999999,0.264
MO,2020-05-30,74.8,0.446,100138.25,Missouri,0.187,0.369,0.065,0.081,239.92500000000004,0.11,0.215,61.54350000000001,0.05,0.113,0.76,0.738,0.221
MS,2020-05-30,79.10000000000001,0.43,95065.0,Mississippi,0.222,0.46,,,146.655,,0.257,57.897000000000006,,0.14800000000000002,0.802,0.7909999999999999,0.163
MT,2020-05-30,81.69999999999999,0.43700000000000006,61145.5,Montana,0.235,0.374,0.075,,242.71499999999997,0.084,0.239,64.237,,0.091,0.713,0.723,0.247
NC,2020-05-30,81.3,0.575,97636.75,North Carolina,0.23800000000000002,0.35700000000000004,0.057,0.11800000000000001,276.555,0.11699999999999999,0.295,94.01100000000001,0.042,0.131,0.731,0.653,0.299
ND,2020-05-30,76.6,0.504,9837.500000000002,North Dakota,0.127,0.32899999999999996,,,154.26000000000002,,0.19699999999999998,65.20500000000001,,,0.698,0.6859999999999999,0.271
NE,2020-05-30,78.89999999999999,0.488,98805.0,Nebraska,0.17800000000000002,0.311,0.071,0.12,180.315,0.109,0.319,64.672,,,0.698,0.6829999999999999,0.24600000000000002
NH,2020-05-30,84.39999999999999,0.642,100760.75,New Hampshire,0.245,0.45299999999999996,,0.09699999999999999,276.135,0.134,0.27399999999999997,59.650000000000006,,0.11800000000000001,0.805,0.7809999999999999,0.14400000000000002
NJ,2020-05-30,87.8,0.591,101243.75,New Jersey,0.426,0.39299999999999996,0.06,0.161,282.78000000000003,0.182,0.294,77.70150000000001,0.086,0.23,0.7709999999999999,0.7120000000000001,0.23
NM,2020-05-30,78.3,0.584,86985.25,New Mexico,0.265,0.39899999999999997,0.10400000000000001,0.124,247.665,0.165,0.33399999999999996,57.96050000000001,,0.12300000000000001,0.6759999999999999,0.635,0.298
NV,2020-05-30,85.8,0.573,99448.0,Nevada,0.28300000000000003,0.332,0.037000000000000005,0.043,254.82,0.115,0.272,56.4105,0.064,0.158,0.746,0.672,0.285
NY,2020-05-30,87.2,0.604,89170.0,New York,0.45899999999999996,0.4,0.054000000000000006,0.128,267.99,0.195,0.33299999999999996,79.08500000000001,0.07200000000000001,0.23,0.745,0.7,0.243
OH,2020-05-30,79.5,0.507,122896.25,Ohio,0.192,0.358,0.039,0.076,268.8,0.13,0.262,93.72749999999999,0.039,0.124,0.762,0.732,0.226
OK,2020-05-30,83.39999999999999,0.51,103168.25,Oklahoma,0.193,0.373,0.051,0.077,255.74999999999994,0.099,0.256,69.90199999999999,,0.065,0.757,0.747,0.22899999999999998
OR,2020-05-30,81.8,0.555,95558.5,Oregon,0.25,0.358,0.044000000000000004,0.09,261.345,0.145,0.304,90.024,0.043,0.131,0.677,0.637,0.308
PA,2020-05-30,80.69999999999999,0.527,108623.75,Pennsylvania,0.311,0.366,0.052000000000000005,0.092,273.24,0.163,0.26,87.07749999999999,0.046,0.17,0.782,0.745,0.213
PR,2020-05-30,95.39999999999999,0.718,8008.75,Puerto Rico,0.589,0.475,0.129,0.141,208.76999999999998,0.27899999999999997,0.489,53.7095,0.153,0.315,0.664,0.615,0.263
RI,2020-05-30,84.60000000000001,0.528,20502.5,Rhode Island,0.267,0.39799999999999996,,0.231,120.98999999999998,0.158,0.268,66.8175,,0.114,0.753,0.753,0.239
SC,2020-05-30,84.3,0.545,121185.25,South Carolina,0.198,0.37,0.046,0.1,232.27499999999998,0.113,0.27399999999999997,60.034000000000006,,0.095,0.768,0.733,0.218
SD,2020-05-30,78.60000000000001,0.49200000000000005,23627.5,South Dakota,0.161,0.37799999999999995,,,178.035,,0.152,47.643499999999996,,0.14300000000000002,0.7040000000000001,0.6829999999999999,0.285
TN,2020-05-30,84.0,0.5379999999999999,117442.75,Tennessee,0.19399999999999998,0.365,0.039,0.091,272.925,0.09300000000000001,0.20600000000000002,66.8985,0.042,0.094,0.774,0.7609999999999999,0.196
TX,2020-05-30,84.5,0.546,114451.0,Texas,0.23,0.369,0.07200000000000001,0.087,271.755,0.122,0.293,86.9485,0.054000000000000006,0.11800000000000001,0.768,0.726,0.23199999999999998
UT,2020-05-30,78.6,0.445,106066.0,Utah,0.201,0.31,0.062,0.055999999999999994,269.88,0.085,0.262,66.512,0.04,0.113,0.741,0.701,0.28800000000000003
VA,2020-05-30,79.6,0.511,117523.5,Virginia,0.265,0.36,0.077,0.08900000000000001,267.25500000000005,0.138,0.29600000000000004,92.0845,0.045,0.149,0.736,0.6920000000000001,0.255
VT,2020-05-30,85.3,0.56,23046.75,Vermont,0.249,0.402,,0.14300000000000002,266.76,0.19699999999999998,0.284,63.57650000000001,,0.10400000000000001,0.701,0.644,0.287
WA,2020-05-30,86.2,0.5539999999999999,98042.75,Washington,0.312,0.38299999999999995,0.079,0.106,276.37499999999994,0.165,0.311,90.7725,0.065,0.141,0.723,0.684,0.278
WI,2020-05-30,77.69999999999999,0.521,106564.25,Wisconsin,0.249,0.384,0.052000000000000005,0.13,243.45000000000002,0.12,0.256,62.191500000000005,0.046,0.125,0.7609999999999999,0.7490000000000001,0.20600000000000002
WV,2020-05-30,80.89999999999999,0.447,8993.75,West Virginia,0.16899999999999998,0.39299999999999996,,0.139,180.55499999999998,0.20199999999999999,0.256,59.567499999999995,,,0.715,0.66,0.299
WY,2020-05-30,79.3,0.426,10150.0,Wyoming,0.27399999999999997,0.39399999999999996,,,169.73999999999998,,0.292,76.995,,,0.625,0.61,0.344
AK,2020-06-06,84.39999999999999,0.43200000000000005,24490.999999999996,Alaska,0.22899999999999998,0.379,,,195.255,,0.16,39.316,,0.21100000000000002,0.68,0.636,0.281
AL,2020-06-06,74.0,0.462,119578.5,Alabama,0.16,0.32,0.040999999999999995,0.067,229.365,0.098,0.172,65.925,,0.071,0.8029999999999999,0.789,0.192
AR,2020-06-06,77.89999999999999,0.449,111120.0,Arkansas,0.156,0.42,,0.099,230.565,0.16399999999999998,0.28300000000000003,47.839,,0.127,0.716,0.685,0.242
AZ,2020-06-06,79.4,0.435,103726.25,Arizona,0.207,0.34600000000000003,0.057,0.078,236.79000000000002,0.075,0.214,67.438,0.035,0.12,0.6990000000000001,0.664,0.31
CA,2020-06-06,84.89999999999999,0.53,107971.25,California,0.364,0.366,0.068,0.11599999999999999,281.73,0.16699999999999998,0.305,88.6925,0.07200000000000001,0.19,0.725,0.685,0.264
CO,2020-06-06,77.19999999999999,0.462,101148.75,Colorado,0.237,0.345,0.053,0.059000000000000004,256.63500000000005,0.078,0.242,97.87699999999998,0.049,0.13,0.711,0.682,0.276
CT,2020-06-06,79.1,0.451,102491.75,Connecticut,0.268,0.327,0.064,0.102,268.755,0.126,0.235,62.9075,0.061,0.21,0.7909999999999999,0.767,0.2
DC,2020-06-06,82.0,0.523,20950.0,District of Columbia,0.406,0.355,,,112.32000000000001,,0.257,39.617000000000004,,0.237,0.7170000000000001,0.667,0.276
DE,2020-06-06,86.3,0.521,16505.0,Delaware,0.321,0.32,,,233.96999999999997,,0.278,60.54350000000001,,,0.687,0.647,0.298
FL,2020-06-06,84.39999999999999,0.486,92960.25,Florida,0.237,0.34600000000000003,0.055999999999999994,0.067,250.32000000000005,0.11699999999999999,0.253,82.173,0.068,0.158,0.758,0.722,0.235
GA,2020-06-06,81.69999999999999,0.507,121096.5,Georgia,0.214,0.359,0.052000000000000005,0.086,249.91499999999996,0.129,0.263,88.50649999999999,0.039,0.134,0.777,0.7390000000000001,0.22
HI,2020-06-06,83.3,0.561,48174.5,Hawaii,0.371,0.387,,0.10099999999999999,217.365,0.18100000000000002,0.284,64.19550000000001,,0.156,0.764,0.6970000000000001,0.26
IA,2020-06-06,70.39999999999999,0.45899999999999996,99265.75,Iowa,0.159,0.358,0.05,0.09,229.39499999999998,0.091,0.237,62.102000000000004,0.035,0.047,0.708,0.693,0.27899999999999997
ID,2020-06-06,74.50000000000001,0.36,107940.0,Idaho,0.107,0.36,,,196.335,,0.192,62.297999999999995,,,0.638,0.626,0.341
IL,2020-06-06,83.7,0.55,112337.25,Illinois,0.326,0.354,0.054000000000000006,0.107,282.48,0.121,0.318,87.46799999999999,0.04,0.129,0.777,0.748,0.21100000000000002
IN,2020-06-06,77.5,0.45799999999999996,113551.5,Indiana,0.16899999999999998,0.361,0.057999999999999996,0.07400000000000001,239.64000000000004,0.071,0.215,67.201,0.037000000000000005,0.094,0.746,0.7340000000000001,0.247
KS,2020-06-06,76.29999999999998,0.426,125251.0,Kansas,0.096,0.32299999999999995,0.059000000000000004,0.07200000000000001,183.72000000000003,0.055999999999999994,0.183,58.2325,,0.107,0.7829999999999999,0.7659999999999999,0.223
KY,2020-06-06,83.1,0.53,107526.5,Kentucky,0.27899999999999997,0.369,,0.136,266.37,0.121,0.256,57.981500000000004,,0.11900000000000001,0.713,0.705,0.21
LA,2020-06-06,85.2,0.507,117378.5,Louisiana,0.23199999999999998,0.322,0.077,0.083,241.46999999999997,0.08,0.228,59.88,,0.114,0.8190000000000001,0.7759999999999999,0.17800000000000002
MA,2020-06-06,83.8,0.523,116266.25,Massachusetts,0.361,0.387,0.077,0.147,276.57,0.17,0.258,82.49450000000002,0.06,0.14800000000000002,0.757,0.7490000000000001,0.2
MD,2020-06-06,76.8,0.499,125349.0,Maryland,0.256,0.33,0.05,0.10300000000000001,255.0,0.156,0.278,80.16300000000001,0.033,0.159,0.715,0.6759999999999999,0.284
ME,2020-06-06,91.10000000000001,0.552,86887.25,Maine,0.311,0.42200000000000004,0.09,0.133,298.74,0.095,0.245,63.587500000000006,,0.129,0.67,0.664,0.263
MI,2020-06-06,85.69999999999999,0.532,107827.75,Michigan,0.313,0.373,0.05,0.127,271.635,0.158,0.289,77.23100000000001,0.045,0.165,0.7609999999999999,0.716,0.235
MN,2020-06-06,79.5,0.496,123913.25,Minnesota,0.2,0.375,0.036000000000000004,0.091,280.185,0.11800000000000001,0.249,66.34450000000001,0.02,0.114,0.778,0.7509999999999999,0.218
MO,2020-06-06,77.7,0.45799999999999996,104298.0,Missouri,0.155,0.37799999999999995,0.049,0.102,255.71999999999997,0.12300000000000001,0.201,57.4935,0.038,0.086,0.76,0.735,0.203
MS,2020-06-06,79.5,0.39899999999999997,124876.0,Mississippi,0.179,0.47200000000000003,,0.076,235.00500000000002,,0.203,60.202,,0.14400000000000002,0.794,0.7859999999999999,0.14800000000000002
MT,2020-06-06,77.0,0.413,36646.0,Montana,0.174,0.405,,,180.20999999999998,0.111,0.185,56.50399999999999,,0.091,0.6759999999999999,0.653,0.298
NC,2020-06-06,83.39999999999999,0.486,98454.0,North Carolina,0.171,0.35200000000000004,0.053,0.07,269.94000000000005,0.105,0.22899999999999998,68.26549999999999,0.051,0.10400000000000001,0.7340000000000001,0.7040000000000001,0.265
ND,2020-06-06,78.8,0.475,17262.75,North Dakota,0.207,0.325,,,158.19,0.145,0.354,36.581999999999994,,,0.76,0.727,0.22
NE,2020-06-06,85.3,0.45399999999999996,138587.5,Nebraska,0.135,0.35700000000000004,,0.107,165.18,0.066,0.2,49.849999999999994,,0.092,0.8340000000000001,0.847,0.139
NH,2020-06-06,84.00000000000001,0.493,83599.5,New Hampshire,0.218,0.313,,0.094,258.40500000000003,0.165,0.252,64.976,,0.156,0.777,0.76,0.222
NJ,2020-06-06,87.60000000000001,0.557,107203.25,New Jersey,0.34299999999999997,0.377,0.057,0.139,294.28499999999997,0.139,0.27,75.32549999999999,0.069,0.231,0.741,0.6920000000000001,0.249
NM,2020-06-06,79.5,0.478,56899.75,New Mexico,0.29600000000000004,0.368,0.078,0.124,245.83500000000004,0.184,0.29600000000000004,70.77,,0.156,0.5820000000000001,0.537,0.406
NV,2020-06-06,81.1,0.513,107667.25,Nevada,0.298,0.33799999999999997,,0.086,285.59999999999997,0.159,0.257,76.77449999999999,0.043,0.147,0.737,0.674,0.3
NY,2020-06-06,86.5,0.5870000000000001,96416.0,New York,0.424,0.39,0.061,0.132,284.745,0.19699999999999998,0.304,81.10750000000002,0.07200000000000001,0.24,0.745,0.713,0.235
OH,2020-06-06,80.10000000000001,0.498,118869.25,Ohio,0.161,0.344,0.047,0.062,258.345,0.14,0.275,90.388,0.048,0.11900000000000001,0.802,0.772,0.187
OK,2020-06-06,81.69999999999999,0.484,101039.25,Oklahoma,0.168,0.322,0.039,0.064,233.88,0.07,0.161,57.4795,0.062,0.1,0.7659999999999999,0.753,0.20600000000000002
OR,2020-06-06,81.5,0.51,114034.5,Oregon,0.242,0.39,0.067,0.091,280.125,0.098,0.249,94.64900000000002,0.063,0.142,0.6940000000000001,0.664,0.27899999999999997
PA,2020-06-06,80.5,0.496,111971.0,Pennsylvania,0.327,0.34299999999999997,0.040999999999999995,0.13,270.46500000000003,0.152,0.26,84.758,0.054000000000000006,0.166,0.7759999999999999,0.746,0.20199999999999999
PR,2020-06-06,92.60000000000001,0.742,56271.25,Puerto Rico,0.573,0.40700000000000003,0.09,0.201,210.04500000000002,0.215,0.483,49.643,0.077,0.255,0.695,0.675,0.239
RI,2020-06-06,80.89999999999999,0.55,65557.5,Rhode Island,0.282,0.35200000000000004,,,180.09,,0.20199999999999999,43.55200000000001,,0.11900000000000001,0.655,0.649,0.293
SC,2020-06-06,73.49999999999999,0.545,104744.0,South Carolina,0.168,0.35600000000000004,0.049,0.098,234.735,0.07200000000000001,0.221,60.38449999999999,0.045,0.114,0.7040000000000001,0.6679999999999999,0.3
SD,2020-06-06,71.10000000000001,0.396,20980.0,South Dakota,0.149,0.243,,,167.24999999999997,,0.185,63.1445,,,0.7070000000000001,0.6859999999999999,0.27399999999999997
TN,2020-06-06,76.1,0.46399999999999997,127342.5,Tennessee,0.17,0.354,0.053,0.077,264.80999999999995,0.09699999999999999,0.22899999999999998,62.101,0.069,0.107,0.772,0.752,0.2
TX,2020-06-06,80.6,0.505,120921.0,Texas,0.207,0.349,0.055,0.094,273.33000000000004,0.11599999999999999,0.256,87.03300000000002,0.05,0.147,0.759,0.723,0.244
UT,2020-06-06,71.2,0.436,111614.25,Utah,0.145,0.344,0.044000000000000004,0.05,257.415,0.07400000000000001,0.23800000000000002,70.40950000000001,,0.07,0.7,0.6859999999999999,0.29100000000000004
VA,2020-06-06,76.3,0.429,123268.0,Virginia,0.23600000000000002,0.354,0.036000000000000004,0.1,260.38500000000005,0.109,0.248,88.16850000000001,0.047,0.122,0.7240000000000001,0.679,0.28
VT,2020-06-06,89.1,0.485,44311.0,Vermont,0.337,0.409,,0.132,195.67499999999998,0.196,0.326,61.6285,,0.10400000000000001,0.632,0.621,0.297
WA,2020-06-06,83.29999999999998,0.556,98879.25,Washington,0.294,0.325,0.059000000000000004,0.10099999999999999,270.46500000000003,0.153,0.29600000000000004,97.9365,0.063,0.156,0.7070000000000001,0.65,0.285
WI,2020-06-06,78.99999999999999,0.446,105983.75,Wisconsin,0.188,0.38799999999999996,0.04,0.09,246.315,0.132,0.249,63.4015,0.040999999999999995,0.121,0.772,0.759,0.203
WV,2020-06-06,87.7,0.509,76845.0,West Virginia,0.141,0.373,,,166.74,,0.222,43.733999999999995,,,0.7979999999999999,0.77,0.20800000000000002
WY,2020-06-06,85.3,0.361,23745.0,Wyoming,0.142,0.33399999999999996,,,278.94,,0.297,43.02600000000001,,,0.6579999999999999,0.625,0.337
AK,2020-06-13,76.2,0.49,40375.0,Alaska,0.21,0.331,,0.12,257.04,0.154,0.285,47.339999999999996,,0.133,0.551,0.49,0.391
AL,2020-06-13,76.4,0.39,129712.0,Alabama,0.128,0.38799999999999996,0.039,0.048,192.53999999999996,0.068,0.19,54.683499999999995,,0.079,0.825,0.807,0.14300000000000002
AR,2020-06-13,73.6,0.442,125984.25,Arkansas,0.146,0.37,0.05,0.094,216.885,0.11599999999999999,0.20600000000000002,55.783500000000004,,0.098,0.763,0.7509999999999999,0.22
AZ,2020-06-13,77.3,0.408,113431.25,Arizona,0.153,0.324,0.053,0.08,248.1,0.075,0.212,88.05,0.05,0.11599999999999999,0.727,0.6920000000000001,0.266
CA,2020-06-13,83.2,0.496,108645.75,California,0.301,0.35100000000000003,0.063,0.10400000000000001,273.33000000000004,0.14400000000000002,0.276,94.18250000000002,0.057,0.184,0.7340000000000001,0.693,0.261
CO,2020-06-13,78.1,0.42700000000000005,105026.0,Colorado,0.153,0.33799999999999997,0.064,0.046,241.485,0.10300000000000001,0.18899999999999997,101.924,0.033,0.11800000000000001,0.7140000000000001,0.6759999999999999,0.285
CT,2020-06-13,76.29999999999998,0.423,125949.0,Connecticut,0.223,0.336,0.04,0.102,259.635,0.11199999999999999,0.228,69.83449999999999,0.033,0.145,0.795,0.77,0.209
DC,2020-06-13,90.10000000000001,0.52,64470.00000000001,District of Columbia,0.389,0.235,,,287.21999999999997,,0.20199999999999999,79.4515,,0.26,0.797,0.802,0.198
DE,2020-06-13,81.5,0.40299999999999997,19569.25,Delaware,0.19,0.326,,,166.455,,0.217,71.55600000000001,,0.105,0.634,0.618,0.364
FL,2020-06-13,80.8,0.418,99283.25,Florida,0.168,0.289,0.055,0.07200000000000001,229.09500000000003,0.091,0.20199999999999999,88.3355,0.044000000000000004,0.129,0.7290000000000001,0.701,0.263
GA,2020-06-13,80.80000000000001,0.41600000000000004,121807.25,Georgia,0.17300000000000001,0.326,0.025,0.06,261.27,0.08199999999999999,0.22699999999999998,93.3345,0.053,0.152,0.7979999999999999,0.763,0.18
HI,2020-06-13,86.9,0.532,21394.75,Hawaii,0.284,0.317,,,298.2,0.156,0.33299999999999996,64.438,,0.213,0.777,0.757,0.212
IA,2020-06-13,79.1,0.41100000000000003,109398.0,Iowa,0.078,0.3,0.05,0.071,247.995,0.055999999999999994,0.175,57.1335,0.033,0.069,0.794,0.7709999999999999,0.185
ID,2020-06-13,77.49999999999999,0.376,95267.5,Idaho,0.115,0.344,,0.07200000000000001,137.685,0.11599999999999999,0.207,58.54900000000001,,0.062,0.634,0.608,0.344
IL,2020-06-13,81.89999999999999,0.46799999999999997,104974.0,Illinois,0.273,0.337,0.064,0.09300000000000001,265.005,0.10300000000000001,0.264,88.61400000000002,0.032,0.149,0.747,0.7290000000000001,0.24100000000000002
IN,2020-06-13,76.5,0.395,114493.0,Indiana,0.132,0.317,0.05,0.092,221.16,0.091,0.195,68.2085,0.033,0.08800000000000001,0.7290000000000001,0.708,0.272
KS,2020-06-13,79.3,0.442,113828.0,Kansas,0.12300000000000001,0.336,,0.085,212.775,0.07400000000000001,0.182,65.5235,,0.08900000000000001,0.679,0.6679999999999999,0.23600000000000002
KY,2020-06-13,77.89999999999999,0.42700000000000005,127576.75,Kentucky,0.16,0.35600000000000004,,0.124,273.64500000000004,0.13699999999999998,0.243,47.82849999999999,,0.10400000000000001,0.752,0.727,0.223
LA,2020-06-13,84.3,0.46299999999999997,111503.5,Louisiana,0.20600000000000002,0.301,0.07,0.051,239.265,0.111,0.239,55.498999999999995,,0.147,0.8079999999999999,0.7879999999999999,0.18
MA,2020-06-13,81.2,0.413,109909.75,Massachusetts,0.237,0.305,0.045,0.095,284.83500000000004,0.11900000000000001,0.19699999999999998,100.37450000000001,0.031,0.129,0.7609999999999999,0.738,0.21100000000000002
MD,2020-06-13,83.2,0.426,115849.25,Maryland,0.263,0.312,0.055999999999999994,0.10400000000000001,266.11500000000007,0.134,0.293,68.779,0.049,0.156,0.7829999999999999,0.742,0.21899999999999997
ME,2020-06-13,87.1,0.433,64437.75,Maine,0.258,0.353,,0.07400000000000001,310.9050000000001,0.111,0.24100000000000002,66.79999999999998,,0.151,0.768,0.76,0.21
MI,2020-06-13,86.7,0.419,108033.25,Michigan,0.262,0.35600000000000004,0.040999999999999995,0.096,257.31000000000006,0.14800000000000002,0.242,87.1005,0.033,0.131,0.741,0.711,0.23
MN,2020-06-13,74.19999999999999,0.42,123754.25,Minnesota,0.18600000000000003,0.341,0.034,0.057,254.32500000000002,0.126,0.22399999999999998,99.564,0.043,0.099,0.759,0.74,0.213
MO,2020-06-13,81.89999999999999,0.44,112268.25,Missouri,0.134,0.37799999999999995,0.036000000000000004,0.067,260.96999999999997,0.096,0.20800000000000002,65.6235,0.034,0.12,0.8109999999999999,0.7959999999999999,0.16899999999999998
MS,2020-06-13,76.49999999999999,0.43,111467.5,Mississippi,0.145,0.32,,0.11599999999999999,205.60500000000002,0.127,0.18100000000000002,44.0475,,0.115,0.8220000000000001,0.807,0.132
MT,2020-06-13,69.8,0.379,27310.25,Montana,0.09699999999999999,0.435,,,170.85000000000002,0.055,0.162,35.686499999999995,,0.08199999999999999,0.746,0.728,0.193
NC,2020-06-13,75.1,0.44,102471.0,North Carolina,0.174,0.32299999999999995,0.04,0.051,225.87,0.08900000000000001,0.23199999999999998,92.55499999999999,0.037000000000000005,0.10099999999999999,0.727,0.6920000000000001,0.275
ND,2020-06-13,77.6,0.361,20082.5,North Dakota,0.23600000000000002,0.282,,,168.345,0.16899999999999998,0.33399999999999996,44.7615,,,0.7929999999999999,0.7929999999999999,0.18899999999999997
NE,2020-06-13,77.8,0.35200000000000004,91631.25,Nebraska,0.136,0.305,,,177.39000000000001,0.073,0.19699999999999998,76.35700000000001,,0.073,0.836,0.835,0.127
NH,2020-06-13,85.5,0.434,117560.0,New Hampshire,0.16699999999999998,0.361,0.062,0.09,268.5,0.135,0.19399999999999998,66.07750000000001,,0.153,0.809,0.785,0.152
NJ,2020-06-13,84.2,0.483,104279.5,New Jersey,0.342,0.408,0.079,0.133,259.215,0.158,0.251,79.607,0.057999999999999996,0.205,0.741,0.6890000000000001,0.256
NM,2020-06-13,76.4,0.368,118656.25,New Mexico,0.179,0.313,,0.078,172.98,,0.155,67.5175,,0.09300000000000001,0.733,0.695,0.28
NV,2020-06-13,83.2,0.44299999999999995,101708.25,Nevada,0.17800000000000002,0.29,,0.062,271.575,0.171,0.233,62.573499999999996,0.062,0.209,0.7759999999999999,0.7290000000000001,0.20600000000000002
NY,2020-06-13,86.9,0.49700000000000005,98782.5,New York,0.39799999999999996,0.37200000000000005,0.061,0.11800000000000001,279.345,0.152,0.257,80.156,0.079,0.223,0.743,0.7020000000000001,0.222
OH,2020-06-13,74.79999999999998,0.396,128405.25,Ohio,0.128,0.325,0.053,0.040999999999999995,246.45,0.1,0.185,69.5835,0.04,0.114,0.797,0.767,0.20800000000000002
OK,2020-06-13,80.3,0.386,90496.5,Oklahoma,0.182,0.321,0.07200000000000001,0.078,233.39999999999998,0.09300000000000001,0.214,63.638000000000005,,0.126,0.762,0.736,0.22899999999999998
OR,2020-06-13,77.9,0.391,111230.0,Oregon,0.20199999999999999,0.332,0.052000000000000005,0.066,265.935,0.094,0.228,94.17949999999999,0.053,0.15,0.7120000000000001,0.6679999999999999,0.299
PA,2020-06-13,82.6,0.419,110434.75,Pennsylvania,0.273,0.321,0.06,0.109,251.67,0.131,0.239,84.3935,0.048,0.139,0.742,0.7020000000000001,0.263
PR,2020-06-13,90.10000000000001,0.551,33384.0,Puerto Rico,0.415,0.426,0.115,0.209,208.63500000000005,0.239,0.391,50.44550000000001,0.133,0.325,0.6659999999999999,0.635,0.20800000000000002
RI,2020-06-13,83.3,0.5720000000000001,55369.75,Rhode Island,0.222,0.375,,,121.25999999999999,0.124,0.251,62.010000000000005,,0.157,0.785,0.755,0.183
SC,2020-06-13,81.2,0.461,94639.0,South Carolina,0.136,0.324,0.046,0.055999999999999994,252.35999999999996,0.062,0.20600000000000002,61.7975,0.044000000000000004,0.138,0.752,0.732,0.22399999999999998
SD,2020-06-13,79.89999999999999,0.47600000000000003,22550.0,South Dakota,0.204,0.35600000000000004,,,146.52,,0.209,39.209,,,0.772,0.759,0.222
TN,2020-06-13,72.5,0.39399999999999996,132798.5,Tennessee,0.12,0.375,0.055,0.047,224.07,0.08,0.191,66.0575,0.065,0.122,0.784,0.745,0.223
TX,2020-06-13,77.99999999999999,0.423,121062.0,Texas,0.174,0.311,0.054000000000000006,0.069,239.41499999999996,0.10400000000000001,0.213,92.72500000000001,0.047,0.11800000000000001,0.7509999999999999,0.728,0.228
UT,2020-06-13,65.8,0.384,115058.5,Utah,0.1,0.295,0.04,0.035,221.78999999999996,0.08900000000000001,0.182,72.4525,0.035,0.071,0.716,0.6829999999999999,0.305
VA,2020-06-13,77.3,0.392,117759.25,Virginia,0.15,0.27699999999999997,0.051,0.064,241.46999999999997,0.08199999999999999,0.18899999999999997,97.8335,0.039,0.11199999999999999,0.696,0.659,0.244
VT,2020-06-13,81.4,0.43200000000000005,17346.75,Vermont,0.267,0.35100000000000003,0.1,0.126,261.09,0.129,0.187,68.4545,,0.165,0.638,0.628,0.3
WA,2020-06-13,83.2,0.48,106173.25,Washington,0.231,0.349,0.045,0.068,267.33,0.099,0.247,96.9785,0.037000000000000005,0.12300000000000001,0.7290000000000001,0.696,0.264
WI,2020-06-13,80.3,0.456,118645.75,Wisconsin,0.14,0.34700000000000003,0.065,0.042,261.91499999999996,0.109,0.213,77.066,0.04,0.11199999999999999,0.797,0.763,0.203
WV,2020-06-13,81.30000000000001,0.441,21380.0,West Virginia,0.192,0.369,,,239.46,0.12,0.255,36.344,,,0.742,0.723,0.24600000000000002
WY,2020-06-13,66.7,0.465,9822.5,Wyoming,0.122,0.37799999999999995,,,165.96,,0.24600000000000002,38.6065,,,0.634,0.586,0.34600000000000003
AK,2020-06-20,81.3,0.431,9750.0,Alaska,0.23199999999999998,0.368,,,179.64,0.139,0.261,50.004000000000005,,0.134,0.642,0.625,0.332
AL,2020-06-20,79.60000000000001,0.354,124023.0,Alabama,0.109,0.321,,,220.23000000000002,0.08800000000000001,0.21,59.330000000000005,,0.064,0.757,0.7659999999999999,0.193
AR,2020-06-20,60.00000000000001,0.39,88026.5,Arkansas,0.11800000000000001,0.397,,,198.94500000000002,0.067,0.145,53.9855,,0.099,0.725,0.7120000000000001,0.23199999999999998
AZ,2020-06-20,73.7,0.435,106555.0,Arizona,0.11199999999999999,0.316,0.057999999999999996,0.052000000000000005,231.675,0.11900000000000001,0.207,70.82499999999999,0.039,0.106,0.674,0.628,0.32799999999999996
CA,2020-06-20,81.89999999999999,0.45799999999999996,114302.25,California,0.242,0.316,0.064,0.086,277.98,0.14,0.25,99.011,0.055,0.17800000000000002,0.748,0.711,0.235
CO,2020-06-20,80.10000000000001,0.389,117122.25,Colorado,0.139,0.35,0.059000000000000004,0.053,275.955,0.109,0.22,70.78699999999999,0.036000000000000004,0.1,0.763,0.7340000000000001,0.23
CT,2020-06-20,81.39999999999999,0.444,124869.25,Connecticut,0.18100000000000002,0.32,0.033,0.054000000000000006,280.21500000000003,0.08900000000000001,0.18,62.283500000000004,0.043,0.162,0.799,0.7659999999999999,0.19399999999999998
DC,2020-06-20,90.60000000000001,0.48100000000000004,141310.0,District of Columbia,0.36,0.292,,0.125,129.48000000000002,0.183,0.336,53.275499999999994,,0.22399999999999998,0.879,0.8170000000000001,0.175
DE,2020-06-20,84.3,0.419,24280.0,Delaware,0.134,0.29100000000000004,,,226.50000000000003,0.156,0.268,53.106500000000004,,0.13699999999999998,0.6629999999999999,0.6509999999999999,0.273
FL,2020-06-20,78.49999999999999,0.418,98695.5,Florida,0.151,0.28,0.047,0.066,254.21999999999994,0.09,0.22399999999999998,89.04850000000002,0.047,0.12300000000000001,0.735,0.705,0.25
GA,2020-06-20,74.6,0.452,123022.25,Georgia,0.18100000000000002,0.317,0.048,0.079,253.42499999999995,0.10800000000000001,0.207,75.489,0.055999999999999994,0.109,0.754,0.726,0.223
HI,2020-06-20,75.0,0.46,23260.25,Hawaii,0.273,0.32,,,284.24999999999994,0.18,0.27399999999999997,41.147,,0.217,0.672,0.64,0.259
IA,2020-06-20,78.69999999999999,0.391,97713.0,Iowa,0.124,0.259,,0.05,254.83499999999995,0.094,0.225,60.9505,,0.084,0.746,0.733,0.22899999999999998
ID,2020-06-20,78.39999999999999,0.364,98558.5,Idaho,0.106,0.35,,,225.86999999999998,0.069,0.146,61.374,,0.096,0.804,0.78,0.19899999999999998
IL,2020-06-20,79.89999999999999,0.423,116850.5,Illinois,0.196,0.285,0.048,0.069,274.59,0.12,0.262,82.25450000000001,0.051,0.145,0.762,0.723,0.22699999999999998
IN,2020-06-20,73.6,0.316,136324.75,Indiana,0.098,0.34299999999999997,0.032,0.071,230.745,0.071,0.168,88.89750000000001,0.027999999999999997,0.109,0.736,0.713,0.25
KS,2020-06-20,79.1,0.376,146156.5,Kansas,0.071,0.301,,0.053,231.225,0.1,0.158,59.733000000000004,,0.091,0.785,0.768,0.185
KY,2020-06-20,75.0,0.46399999999999997,99700.0,Kentucky,0.179,0.32299999999999995,0.068,0.121,242.76000000000002,0.15,0.254,64.92750000000001,0.05,0.133,0.755,0.7290000000000001,0.215
LA,2020-06-20,76.29999999999998,0.406,95335.0,Louisiana,0.121,0.299,,0.066,231.555,0.109,0.195,59.354,0.063,0.11199999999999999,0.794,0.774,0.20800000000000002
MA,2020-06-20,82.8,0.436,121339.5,Massachusetts,0.257,0.375,0.067,0.1,306.23999999999995,0.102,0.2,99.02399999999999,0.045,0.17300000000000001,0.765,0.738,0.212
MD,2020-06-20,79.3,0.406,106282.5,Maryland,0.21,0.32799999999999996,0.054000000000000006,0.078,252.195,0.10800000000000001,0.24600000000000002,97.888,0.046,0.145,0.7490000000000001,0.711,0.239
ME,2020-06-20,74.9,0.40299999999999997,91059.0,Maine,0.18600000000000003,0.27399999999999997,,0.10099999999999999,167.805,0.10400000000000001,0.187,59.30200000000001,,0.11800000000000001,0.721,0.703,0.268
MI,2020-06-20,85.3,0.42100000000000004,117043.75,Michigan,0.19899999999999998,0.358,0.049,0.084,261.255,0.156,0.247,88.3985,0.049,0.152,0.769,0.752,0.192
MN,2020-06-20,75.6,0.379,132088.0,Minnesota,0.11900000000000001,0.26899999999999996,0.039,0.059000000000000004,268.875,0.086,0.188,75.45000000000002,,0.083,0.7509999999999999,0.722,0.23800000000000002
MO,2020-06-20,70.30000000000001,0.431,125611.0,Missouri,0.11699999999999999,0.294,0.025,0.067,228.66000000000003,0.12,0.165,65.001,0.052000000000000005,0.113,0.8059999999999999,0.777,0.174
MS,2020-06-20,82.60000000000001,0.419,98385.0,Mississippi,0.113,0.38,,,174.855,0.131,0.222,51.02850000000001,,,0.794,0.764,0.21899999999999997
MT,2020-06-20,71.8,0.36200000000000004,125805.0,Montana,0.162,0.40299999999999997,,,256.185,0.07,0.18600000000000003,70.1895,,,0.65,0.63,0.276
NC,2020-06-20,83.3,0.434,119398.25,North Carolina,0.16399999999999998,0.363,0.04,0.086,287.16,0.11,0.192,95.0855,0.043,0.124,0.7290000000000001,0.695,0.268
ND,2020-06-20,69.10000000000001,0.354,80550.0,North Dakota,0.083,0.27,,,159.06,,0.20199999999999999,73.9785,,,0.731,0.726,0.261
NE,2020-06-20,73.30000000000001,0.373,110656.0,Nebraska,0.121,0.326,,,209.71500000000003,0.092,0.215,57.383,,0.08800000000000001,0.762,0.7440000000000001,0.23800000000000002
NH,2020-06-20,83.5,0.5,102718.5,New Hampshire,0.22699999999999998,0.395,,0.071,212.42999999999998,0.155,0.273,41.9675,,0.156,0.753,0.74,0.24
NJ,2020-06-20,86.9,0.431,103212.25,New Jersey,0.319,0.335,0.068,0.14,254.91,0.155,0.239,78.1465,0.07400000000000001,0.201,0.742,0.728,0.221
NM,2020-06-20,78.9,0.457,107193.0,New Mexico,0.13699999999999998,0.31,0.094,0.09300000000000001,323.64,0.115,0.207,65.88999999999999,,0.141,0.725,0.679,0.249
NV,2020-06-20,80.0,0.361,95431.0,Nevada,0.17,0.297,0.061,0.07,249.18000000000004,0.142,0.264,67.11250000000001,,0.124,0.6970000000000001,0.644,0.316
NY,2020-06-20,87.89999999999999,0.461,99642.0,New York,0.35200000000000004,0.33899999999999997,0.066,0.122,275.58000000000004,0.135,0.23399999999999999,84.4625,0.061,0.237,0.774,0.745,0.204
OH,2020-06-20,79.69999999999999,0.414,127098.5,Ohio,0.084,0.32299999999999995,0.036000000000000004,0.04,268.275,0.098,0.17600000000000002,66.375,0.031,0.115,0.789,0.775,0.19399999999999998
OK,2020-06-20,76.2,0.384,110977.5,Oklahoma,0.122,0.33399999999999996,,0.057,250.395,0.07,0.17600000000000002,59.283,,0.067,0.795,0.787,0.174
OR,2020-06-20,74.9,0.363,111512.75,Oregon,0.171,0.36,0.064,0.034,270.48,0.133,0.254,89.38,0.043,0.126,0.6809999999999999,0.632,0.317
PA,2020-06-20,86.7,0.475,109161.75,Pennsylvania,0.244,0.335,0.027999999999999997,0.091,271.305,0.133,0.25,88.209,0.07200000000000001,0.142,0.8,0.765,0.21100000000000002
PR,2020-06-20,88.0,0.493,55441.25,Puerto Rico,0.369,0.38799999999999996,0.105,0.17800000000000002,269.83500000000004,0.20800000000000002,0.363,42.099000000000004,,0.262,0.71,0.7,0.18100000000000002
RI,2020-06-20,79.89999999999999,0.47700000000000004,62510.0,Rhode Island,,0.27699999999999997,,,113.10000000000001,,0.215,41.698,,,0.815,0.754,0.201
SC,2020-06-20,69.0,0.353,108871.75,South Carolina,0.11199999999999999,0.316,0.057,0.04,245.59500000000003,0.076,0.21899999999999997,69.857,0.044000000000000004,0.122,0.762,0.7240000000000001,0.221
SD,2020-06-20,82.0,0.452,116795.0,South Dakota,0.162,0.391,,,268.93500000000006,,0.172,64.967,,0.141,0.838,0.812,0.14400000000000002
TN,2020-06-20,76.29999999999998,0.397,139070.25,Tennessee,0.132,0.32299999999999995,0.047,0.046,246.25499999999997,0.094,0.166,59.6325,0.055,0.12300000000000001,0.792,0.78,0.195
TX,2020-06-20,76.8,0.462,119812.75,Texas,0.13699999999999998,0.3,0.05,0.071,268.08000000000004,0.105,0.21899999999999997,90.536,0.038,0.12,0.742,0.7170000000000001,0.24100000000000002
UT,2020-06-20,68.1,0.32799999999999996,118209.75,Utah,0.095,0.243,0.036000000000000004,,226.51500000000001,0.07200000000000001,0.179,66.79050000000001,,0.067,0.687,0.6729999999999999,0.29
VA,2020-06-20,78.10000000000001,0.425,122690.0,Virginia,0.138,0.308,0.037000000000000005,0.064,266.32500000000005,0.096,0.217,95.50200000000001,0.053,0.13699999999999998,0.741,0.722,0.22699999999999998
VT,2020-06-20,86.9,0.425,9727.5,Vermont,0.213,0.366,0.08900000000000001,0.09699999999999999,123.37500000000003,,0.163,66.022,,0.121,0.6409999999999999,0.6409999999999999,0.285
WA,2020-06-20,81.1,0.419,114359.75,Washington,0.222,0.313,0.052000000000000005,0.076,275.68499999999995,0.11699999999999999,0.19899999999999998,101.85050000000001,0.052000000000000005,0.14800000000000002,0.733,0.6940000000000001,0.251
WI,2020-06-20,74.4,0.377,135002.0,Wisconsin,0.145,0.353,0.049,0.038,268.815,0.094,0.19699999999999998,62.8145,0.035,0.102,0.775,0.765,0.196
WV,2020-06-20,81.2,0.495,51371.25,West Virginia,0.17300000000000001,0.40700000000000003,,,112.02,0.17600000000000002,0.20800000000000002,48.1695,,0.162,0.8059999999999999,0.746,0.223
WY,2020-06-20,69.8,0.318,11072.5,Wyoming,0.145,0.38799999999999996,,,178.49999999999997,0.132,0.133,40.7815,,,0.7240000000000001,0.6890000000000001,0.255
AK,2020-06-27,81.1,0.49700000000000005,76965.75,Alaska,0.18100000000000002,0.268,,,202.79999999999998,0.145,0.273,75.0695,,0.095,0.655,0.64,0.27899999999999997
AL,2020-06-27,71.89999999999999,0.376,142402.5,Alabama,0.11699999999999999,0.363,,,244.28999999999996,0.099,0.2,66.125,,0.087,0.7929999999999999,0.789,0.161
AR,2020-06-27,79.2,0.35100000000000003,122767.5,Arkansas,0.128,0.248,,,256.77,0.087,0.18,60.31800000000001,,,0.81,0.809,0.166
AZ,2020-06-27,72.69999999999999,0.413,109534.25,Arizona,0.161,0.33399999999999996,0.034,0.07400000000000001,281.53499999999997,0.077,0.248,93.98150000000001,,0.10300000000000001,0.677,0.649,0.306
CA,2020-06-27,81.8,0.469,118132.0,California,0.251,0.312,0.07,0.091,295.74,0.141,0.257,99.9655,0.054000000000000006,0.16,0.7559999999999999,0.7190000000000001,0.23399999999999999
CO,2020-06-27,80.6,0.392,98896.75,Colorado,0.12300000000000001,0.28600000000000003,0.063,0.04,286.605,0.08900000000000001,0.226,96.5195,0.037000000000000005,0.127,0.732,0.705,0.262
CT,2020-06-27,75.2,0.41600000000000004,99945.0,Connecticut,0.175,0.305,0.05,0.07,299.085,0.156,0.225,68.73299999999999,0.061,0.146,0.7809999999999999,0.742,0.19699999999999998
DC,2020-06-27,91.8,0.48700000000000004,7410.0,District of Columbia,0.385,0.31,,,216.42000000000002,0.17600000000000002,0.282,44.864999999999995,,0.335,0.774,0.746,0.19399999999999998
DE,2020-06-27,83.8,0.426,21287.5,Delaware,0.182,0.358,,,256.38,,0.205,60.406000000000006,,,0.6759999999999999,0.664,0.321
FL,2020-06-27,80.0,0.44299999999999995,96927.25,Florida,0.16899999999999998,0.324,0.054000000000000006,0.062,275.58,0.09699999999999999,0.218,82.889,0.052000000000000005,0.14400000000000002,0.769,0.725,0.22
GA,2020-06-27,81.0,0.428,113366.0,Georgia,0.14300000000000002,0.34600000000000003,0.054000000000000006,0.073,279.84,0.09300000000000001,0.205,69.168,0.035,0.126,0.7829999999999999,0.7390000000000001,0.233
HI,2020-06-27,88.5,0.58,19073.25,Hawaii,0.325,0.306,,,213.52499999999998,0.14,0.331,47.6135,,0.19699999999999998,0.7959999999999999,0.778,0.162
IA,2020-06-27,76.3,0.36200000000000004,106733.0,Iowa,0.114,0.27899999999999997,,0.057999999999999996,250.725,,0.177,72.3235,,0.055999999999999994,0.693,0.674,0.297
ID,2020-06-27,77.0,0.354,104095.0,Idaho,0.11800000000000001,0.267,,0.054000000000000006,202.905,0.05,0.14300000000000002,59.9785,,0.054000000000000006,0.679,0.6759999999999999,0.261
IL,2020-06-27,81.1,0.445,122244.0,Illinois,0.19,0.29100000000000004,0.04,0.073,284.775,0.12,0.243,92.161,0.04,0.146,0.759,0.741,0.222
IN,2020-06-27,70.89999999999999,0.363,119158.25,Indiana,0.096,0.353,0.021,0.049,253.32000000000002,0.106,0.20600000000000002,63.2715,0.040999999999999995,0.09699999999999999,0.76,0.74,0.22699999999999998
KS,2020-06-27,77.49999999999999,0.42200000000000004,101431.25,Kansas,0.124,0.307,0.037000000000000005,0.063,251.58000000000004,0.076,0.25,106.44349999999999,,0.106,0.815,0.79,0.165
KY,2020-06-27,80.80000000000001,0.43,127684.0,Kentucky,0.09699999999999999,0.366,0.057,0.08,252.09,0.141,0.184,64.661,0.054000000000000006,0.12300000000000001,0.764,0.74,0.2
LA,2020-06-27,87.2,0.434,108491.75,Louisiana,0.156,0.3,0.042,0.08,258.13500000000005,0.11699999999999999,0.24600000000000002,61.83500000000001,,0.083,0.7909999999999999,0.774,0.193
MA,2020-06-27,80.89999999999999,0.41,116332.5,Massachusetts,0.243,0.335,0.046,0.076,282.855,0.147,0.21,70.08099999999999,0.04,0.132,0.752,0.728,0.215
MD,2020-06-27,79.89999999999999,0.449,132674.5,Maryland,0.20600000000000002,0.324,0.046,0.07400000000000001,289.20000000000005,0.135,0.22899999999999998,85.52699999999999,0.06,0.15,0.7140000000000001,0.68,0.275
ME,2020-06-27,78.89999999999999,0.408,99187.75,Maine,0.18,0.431,,0.10800000000000001,298.74,0.12,0.261,68.235,,0.111,0.77,0.763,0.21100000000000002
MI,2020-06-27,81.0,0.381,123549.0,Michigan,0.146,0.312,0.047,0.055999999999999994,278.64,0.151,0.23,69.8895,0.063,0.125,0.762,0.74,0.22
MN,2020-06-27,75.99999999999999,0.39899999999999997,123100.25,Minnesota,0.131,0.34600000000000003,0.046,0.044000000000000004,275.835,0.128,0.225,72.34449999999998,0.044000000000000004,0.1,0.794,0.772,0.20800000000000002
MO,2020-06-27,75.1,0.39899999999999997,120948.5,Missouri,0.132,0.36,0.049,0.044000000000000004,264.405,0.128,0.215,65.5375,0.035,0.121,0.7829999999999999,0.7709999999999999,0.17600000000000002
MS,2020-06-27,75.49999999999999,0.294,99895.0,Mississippi,0.15,0.315,,,164.14499999999998,0.076,0.142,51.319,,,0.721,0.7090000000000001,0.273
MT,2020-06-27,73.9,0.33799999999999997,59132.5,Montana,0.083,0.413,,,164.65499999999997,,0.142,74.93700000000001,,,0.703,0.703,0.264
NC,2020-06-27,77.49999999999999,0.43799999999999994,127203.75,North Carolina,0.11,0.336,0.032,0.04,276.405,0.092,0.23,95.8555,0.039,0.09300000000000001,0.711,0.6759999999999999,0.264
ND,2020-06-27,78.69999999999999,0.375,24690.0,North Dakota,,0.402,,,179.73,,0.14400000000000002,37.4935,,,0.759,0.6709999999999999,0.28300000000000003
NE,2020-06-27,76.2,0.381,115587.5,Nebraska,0.084,0.303,,0.085,227.655,0.12300000000000001,0.218,64.8285,,,0.758,0.742,0.22399999999999998
NH,2020-06-27,80.80000000000001,0.363,108983.0,New Hampshire,0.096,0.27,,,296.84999999999997,0.107,0.133,70.10650000000001,,0.124,0.775,0.768,0.179
NJ,2020-06-27,81.6,0.424,108784.75,New Jersey,0.28300000000000003,0.263,0.055999999999999994,0.10099999999999999,255.28499999999997,0.168,0.26,85.4825,0.057,0.2,0.7659999999999999,0.728,0.187
NM,2020-06-27,80.10000000000001,0.41700000000000004,91277.5,New Mexico,0.11699999999999999,0.32799999999999996,,0.105,276.24000000000007,0.12300000000000001,0.19899999999999998,64.22,,0.081,0.738,0.705,0.259
NV,2020-06-27,81.7,0.474,115719.5,Nevada,0.187,0.348,,0.073,288.855,0.14300000000000002,0.233,70.23649999999999,0.049,0.14,0.706,0.65,0.299
NY,2020-06-27,80.89999999999999,0.395,97186.75,New York,0.301,0.298,0.051,0.078,277.23,0.132,0.203,85.648,0.065,0.231,0.765,0.7170000000000001,0.225
OH,2020-06-27,77.5,0.406,111501.75,Ohio,0.124,0.358,0.038,0.08,272.4,0.127,0.205,91.584,0.032,0.11599999999999999,0.765,0.726,0.217
OK,2020-06-27,70.5,0.419,108456.75,Oklahoma,0.125,0.37,0.035,0.069,226.03500000000003,0.114,0.183,69.7255,0.057999999999999996,0.08199999999999999,0.708,0.693,0.261
OR,2020-06-27,80.5,0.44,113310.75,Oregon,0.191,0.36,0.043,0.054000000000000006,290.94,0.127,0.252,73.248,0.032,0.147,0.723,0.6709999999999999,0.271
PA,2020-06-27,81.5,0.41100000000000003,126374.5,Pennsylvania,0.198,0.359,0.038,0.068,262.06500000000005,0.111,0.203,79.50999999999999,0.063,0.139,0.775,0.759,0.207
PR,2020-06-27,89.8,0.608,16345.0,Puerto Rico,0.355,0.373,0.096,0.158,237.88500000000002,0.184,0.37200000000000005,59.355000000000004,0.083,0.353,0.691,0.654,0.158
RI,2020-06-27,92.10000000000001,0.51,40197.5,Rhode Island,0.226,0.35200000000000004,,,119.22,0.157,0.19699999999999998,48.14999999999999,,,0.865,0.8059999999999999,0.132
SC,2020-06-27,73.39999999999999,0.445,130397.25,South Carolina,0.122,0.34600000000000003,0.078,0.048,280.335,0.136,0.214,60.707499999999996,0.053,0.106,0.713,0.6629999999999999,0.258
SD,2020-06-27,77.69999999999999,0.324,24265.0,South Dakota,0.11199999999999999,0.302,,,186.105,0.098,0.188,57.298,,,0.732,0.713,0.23
TN,2020-06-27,75.6,0.41,126890.75,Tennessee,0.145,0.365,0.055,0.047,260.44500000000005,0.086,0.196,73.177,,0.084,0.7979999999999999,0.782,0.155
TX,2020-06-27,76.29999999999998,0.457,128501.25,Texas,0.153,0.293,0.045,0.054000000000000006,284.71500000000003,0.102,0.21100000000000002,98.9545,0.048,0.121,0.755,0.733,0.23800000000000002
UT,2020-06-27,75.8,0.402,107799.25,Utah,0.083,0.38299999999999995,0.061,0.034,269.145,0.075,0.188,60.973,,0.115,0.754,0.733,0.239
VA,2020-06-27,76.4,0.433,123253.5,Virginia,0.151,0.295,0.057999999999999996,0.045,283.89,0.09699999999999999,0.24,99.80999999999999,0.073,0.147,0.742,0.723,0.24
VT,2020-06-27,75.0,0.364,58272.5,Vermont,0.183,0.36200000000000004,,,214.63499999999996,0.11800000000000001,0.23,37.292,,0.175,0.638,0.618,0.35100000000000003
WA,2020-06-27,78.99999999999999,0.418,115634.25,Washington,0.16399999999999998,0.307,0.03,0.068,280.83000000000004,0.115,0.192,73.645,0.031,0.11800000000000001,0.7190000000000001,0.701,0.255
WI,2020-06-27,72.89999999999999,0.41100000000000003,110772.0,Wisconsin,0.12300000000000001,0.28800000000000003,0.031,0.035,265.005,0.10400000000000001,0.223,71.1505,0.039,0.11599999999999999,0.759,0.733,0.22699999999999998
WV,2020-06-27,79.4,0.42700000000000005,39267.5,West Virginia,0.127,0.188,,,252.75000000000003,,0.151,44.797999999999995,,,0.758,0.733,0.226
WY,2020-06-27,82.30000000000001,0.469,27507.5,Wyoming,0.136,0.344,,,251.88000000000002,,0.33899999999999997,41.653999999999996,,,0.7490000000000001,0.6990000000000001,0.23399999999999999
