Full Name,Date,State,Negative Impact,% SB having decrease in revenue,Approx. Mean Revenue,% SB close for at least one day,% SB having disruptions in supply chain,% SB shift production/services,% SB only do pickup/delivery,Approx. Days Til Normal,% SB having decrease in paid employee,% SB having decrease in paid employee work hours,Approx. Days Cash on Hand Can Cover,% SB missed loan payment,% SB missed other scheduled payment,% SB requested financial assistance from PPP,% SB received financial assistance from PPP,% SB not received financial assistance from Federal program
Alaska,2020-05-02,AK,89.39999999999999,0.655,4188.25,0.433,0.418,0.106,0.11900000000000001,120.81,0.293,0.45899999999999996,34.2205,,0.214,0.691,0.42200000000000004,0.5379999999999999
Alabama,2020-05-02,AL,82.5,0.695,29899.75,0.33399999999999996,0.516,0.077,0.134,172.44,0.16899999999999998,0.45299999999999996,46.5845,0.106,0.171,0.76,0.555,0.37200000000000005
Arkansas,2020-05-02,AR,88.39999999999999,0.77,12858.75,0.263,0.479,0.059000000000000004,0.142,159.195,0.19899999999999998,0.428,50.723,0.077,0.16899999999999998,0.79,0.6409999999999999,0.332
Arizona,2020-05-02,AZ,88.7,0.716,17271.0,0.31,0.41700000000000004,0.067,0.153,240.57,0.268,0.505,66.37249999999999,0.099,0.204,0.713,0.281,0.614
California,2020-05-02,CA,89.5,0.762,36245.75,0.478,0.46399999999999997,0.077,0.146,246.28499999999997,0.315,0.532,62.635000000000005,0.136,0.281,0.754,0.215,0.669
Colorado,2020-05-02,CO,83.39999999999999,0.6809999999999999,25023.75,0.36200000000000004,0.382,0.083,0.132,220.05,0.2,0.504,68.345,0.10099999999999999,0.217,0.705,0.391,0.5529999999999999
Connecticut,2020-05-02,CT,93.9,0.7509999999999999,14758.0,0.408,0.43200000000000005,0.07400000000000001,0.157,236.64,0.303,0.469,57.444500000000005,0.121,0.275,0.772,0.361,0.53
District of Columbia,2020-05-02,DC,91.89999999999999,0.773,74.5,0.645,0.41100000000000003,0.129,,131.82,0.284,0.494,34.69500000000001,0.177,0.337,0.679,0.223,0.713
Delaware,2020-05-02,DE,89.3,0.727,8098.250000000001,0.349,0.36,,0.156,100.84499999999998,0.207,0.473,59.253,,0.21,0.72,0.451,0.513
Florida,2020-05-02,FL,89.0,0.774,30808.75,0.373,0.434,0.08199999999999999,0.145,243.91499999999994,0.268,0.536,56.38649999999999,0.099,0.235,0.743,0.29100000000000004,0.619
Georgia,2020-05-02,GA,92.60000000000001,0.755,39961.5,0.419,0.444,0.07400000000000001,0.149,226.63499999999996,0.24,0.5329999999999999,60.17449999999999,0.106,0.248,0.7909999999999999,0.354,0.5589999999999999
Hawaii,2020-05-02,HI,93.5,0.8109999999999999,2551.75,0.465,0.39,0.085,0.157,193.005,0.373,0.58,52.39250000000001,0.10099999999999999,0.209,0.716,0.38299999999999995,0.508
Iowa,2020-05-02,IA,82.5,0.6729999999999999,30453.75,0.218,0.36700000000000005,0.045,0.161,164.145,0.218,0.405,67.61950000000002,0.08,0.113,0.716,0.55,0.408
Idaho,2020-05-02,ID,87.2,0.695,9402.5,0.34,0.47700000000000004,0.069,0.147,132.81,0.237,0.493,55.540000000000006,0.066,0.121,0.6920000000000001,0.498,0.499
Illinois,2020-05-02,IL,90.49999999999999,0.767,35202.0,0.39899999999999997,0.44,0.078,0.149,255.46500000000003,0.27399999999999997,0.524,53.68,0.11900000000000001,0.251,0.763,0.444,0.49200000000000005
Indiana,2020-05-02,IN,85.6,0.721,30607.5,0.342,0.44799999999999995,0.065,0.145,200.13,0.251,0.51,65.888,0.122,0.2,0.746,0.47,0.46399999999999997
Kansas,2020-05-02,KS,82.69999999999999,0.652,32120.749999999996,0.322,0.42700000000000005,0.042,0.18899999999999997,196.57500000000002,0.192,0.46,52.090500000000006,0.062,0.10300000000000001,0.723,0.5660000000000001,0.39
Kentucky,2020-05-02,KY,88.6,0.785,24337.0,0.369,0.40299999999999997,,0.207,167.38500000000005,0.307,0.53,57.17249999999999,0.11,0.146,0.7040000000000001,0.48700000000000004,0.40299999999999997
Louisiana,2020-05-02,LA,81.89999999999999,0.738,15200.0,0.331,0.51,0.071,0.196,188.14499999999998,0.267,0.524,52.904500000000006,0.1,0.21,0.7829999999999999,0.478,0.46399999999999997
Massachusetts,2020-05-02,MA,93.8,0.773,31827.75,0.465,0.435,0.061,0.163,257.595,0.267,0.489,72.81400000000001,0.131,0.262,0.767,0.41100000000000003,0.527
Maryland,2020-05-02,MD,88.4,0.725,41272.0,0.44,0.45799999999999996,0.073,0.138,210.72000000000003,0.27,0.49200000000000005,61.9025,0.128,0.28600000000000003,0.732,0.37,0.563
Maine,2020-05-02,ME,87.0,0.762,12444.25,0.444,0.517,,0.127,168.42000000000002,0.266,0.48700000000000004,44.4065,0.10300000000000001,0.18899999999999997,0.8,0.635,0.313
Michigan,2020-05-02,MI,93.7,0.797,32592.25,0.588,0.494,0.051,0.168,216.57000000000002,0.354,0.625,66.17349999999999,0.142,0.231,0.741,0.391,0.526
Minnesota,2020-05-02,MN,89.19999999999999,0.685,37249.25,0.267,0.35200000000000004,0.05,0.135,239.58000000000004,0.21899999999999997,0.45299999999999996,69.46549999999999,0.086,0.15,0.774,0.57,0.38
Missouri,2020-05-02,MO,84.80000000000001,0.715,41321.0,0.316,0.43200000000000005,0.053,0.138,203.925,0.218,0.47100000000000003,70.02099999999999,0.084,0.168,0.7709999999999999,0.595,0.348
Mississippi,2020-05-02,MS,86.7,0.711,13703.750000000002,0.316,0.527,,0.168,163.17000000000002,0.168,0.536,48.111,,0.149,0.777,0.535,0.42700000000000005
Montana,2020-05-02,MT,76.2,0.612,14599.25,0.32299999999999995,0.28300000000000003,,0.14,140.28,0.15,0.306,54.721,0.078,0.12300000000000001,0.645,0.539,0.436
North Carolina,2020-05-02,NC,88.2,0.731,36777.5,0.353,0.45799999999999996,0.064,0.16699999999999998,245.46000000000006,0.309,0.541,59.858999999999995,0.12300000000000001,0.226,0.743,0.368,0.56
North Dakota,2020-05-02,ND,86.1,0.687,4705.0,0.332,0.38799999999999996,,0.22399999999999998,140.41500000000002,0.122,0.409,60.4525,,,0.745,0.621,0.363
Nebraska,2020-05-02,NE,86.60000000000001,0.659,13699.250000000002,0.2,0.451,,0.172,164.505,0.147,0.386,49.94,0.077,0.122,0.6859999999999999,0.5920000000000001,0.36
New Hampshire,2020-05-02,NH,91.19999999999999,0.718,5737.0,0.43,0.48,0.095,0.192,185.79,0.322,0.494,70.032,0.076,0.201,0.733,0.473,0.504
New Jersey,2020-05-02,NJ,93.8,0.805,31164.75,0.521,0.496,0.07200000000000001,0.16699999999999998,238.17000000000002,0.387,0.594,50.533,0.14,0.337,0.785,0.266,0.583
New Mexico,2020-05-02,NM,86.1,0.642,13772.75,0.433,0.491,0.079,0.14400000000000002,182.17499999999998,0.317,0.636,53.066,0.077,0.21,0.6779999999999999,0.304,0.65
Nevada,2020-05-02,NV,85.0,0.7120000000000001,10767.0,0.389,0.39399999999999996,0.064,0.154,168.34499999999997,0.28,0.515,85.45200000000001,0.092,0.21600000000000003,0.6859999999999999,0.245,0.636
New York,2020-05-02,NY,91.6,0.773,33824.0,0.545,0.473,0.055,0.14800000000000002,239.745,0.348,0.534,53.198499999999996,0.11199999999999999,0.35,0.742,0.32299999999999995,0.595
Ohio,2020-05-02,OH,87.0,0.725,43740.75,0.382,0.467,0.052000000000000005,0.129,239.28000000000003,0.266,0.491,66.81750000000001,0.12,0.222,0.7759999999999999,0.429,0.489
Oklahoma,2020-05-02,OK,90.4,0.764,13623.0,0.28600000000000003,0.431,0.07,0.124,208.23000000000002,0.188,0.452,61.355999999999995,0.11199999999999999,0.13699999999999998,0.797,0.6509999999999999,0.313
Oregon,2020-05-02,OR,85.1,0.685,24103.0,0.39799999999999996,0.499,0.061,0.147,233.205,0.285,0.475,64.07750000000001,0.10300000000000001,0.209,0.728,0.292,0.581
Pennsylvania,2020-05-02,PA,89.6,0.741,34475.0,0.546,0.495,0.062,0.17600000000000002,231.70499999999998,0.35600000000000004,0.524,59.774,0.14800000000000002,0.27699999999999997,0.778,0.431,0.47600000000000003
Rhode Island,2020-05-02,RI,93.19999999999999,0.784,741.0,0.49200000000000005,0.495,,0.162,189.51,0.326,0.629,33.721,,0.218,0.7609999999999999,0.406,0.55
South Carolina,2020-05-02,SC,84.4,0.7440000000000001,21401.0,0.327,0.47600000000000003,0.065,0.18600000000000003,157.92000000000002,0.22899999999999998,0.523,55.972,0.11199999999999999,0.20600000000000002,0.716,0.384,0.5379999999999999
South Dakota,2020-05-02,SD,77.8,0.597,9798.75,0.226,0.33299999999999996,,0.121,133.74,0.15,0.402,46.031,,,0.7340000000000001,0.564,0.401
Tennessee,2020-05-02,TN,87.4,0.706,46945.75,0.35100000000000003,0.42200000000000004,0.07,0.205,197.20499999999998,0.196,0.43,54.8135,0.125,0.18600000000000003,0.754,0.442,0.488
Texas,2020-05-02,TX,86.1,0.735,41610.0,0.396,0.44799999999999995,0.07200000000000001,0.155,221.06999999999996,0.226,0.494,64.19749999999999,0.135,0.214,0.772,0.429,0.48100000000000004
Utah,2020-05-02,UT,87.5,0.657,22102.25,0.316,0.397,0.065,0.11,213.315,0.19399999999999998,0.45,71.60900000000001,0.09300000000000001,0.187,0.75,0.44799999999999995,0.514
Virginia,2020-05-02,VA,87.6,0.722,32727.0,0.359,0.428,0.077,0.151,221.96999999999997,0.251,0.502,67.43549999999999,0.129,0.24100000000000002,0.752,0.40299999999999997,0.513
Vermont,2020-05-02,VT,94.2,0.755,1854.5,0.47700000000000004,0.41,,0.14800000000000002,122.81999999999998,0.28600000000000003,0.495,48.582499999999996,0.11800000000000001,0.20199999999999999,0.6579999999999999,0.423,0.51
Washington,2020-05-02,WA,88.1,0.742,34974.25,0.475,0.45299999999999996,0.07200000000000001,0.13,239.98499999999999,0.319,0.528,76.57549999999999,0.098,0.22399999999999998,0.7120000000000001,0.324,0.573
Wisconsin,2020-05-02,WI,85.39999999999999,0.708,37198.5,0.37,0.46,0.07200000000000001,0.166,237.405,0.231,0.49700000000000005,60.482,0.086,0.16899999999999998,0.778,0.563,0.405
West Virginia,2020-05-02,WV,85.60000000000001,0.69,6248.75,0.401,0.35,,,77.235,0.19399999999999998,0.509,29.849999999999998,,0.28800000000000003,0.693,0.418,0.536
Wyoming,2020-05-02,WY,83.3,0.688,8466.25,0.348,0.406,,0.13699999999999998,107.655,0.214,0.5920000000000001,55.570499999999996,,,0.568,0.444,0.489
Alaska,2020-05-09,AK,88.19999999999999,0.588,6847.25,0.267,0.42200000000000004,,0.161,176.595,0.212,0.374,38.651,,0.16399999999999998,0.6579999999999999,0.47600000000000003,0.499
Alabama,2020-05-09,AL,81.3,0.617,16410.5,0.35,0.41700000000000004,0.062,0.21,151.82999999999998,0.114,0.39799999999999996,71.66700000000002,0.135,0.124,0.716,0.589,0.363
Arkansas,2020-05-09,AR,80.3,0.655,15276.0,0.23800000000000002,0.467,0.06,0.14,158.85,0.14300000000000002,0.308,46.082,0.094,0.145,0.7070000000000001,0.619,0.308
Arizona,2020-05-09,AZ,85.5,0.644,19605.0,0.29600000000000004,0.433,0.05,0.127,214.35000000000002,0.22,0.41,72.6445,0.106,0.20199999999999999,0.7090000000000001,0.466,0.45
California,2020-05-09,CA,88.0,0.713,38471.25,0.442,0.435,0.065,0.141,245.74499999999995,0.273,0.489,65.9685,0.11900000000000001,0.249,0.741,0.445,0.449
Colorado,2020-05-09,CO,85.39999999999999,0.667,27484.5,0.335,0.41700000000000004,0.087,0.147,225.35999999999996,0.182,0.436,69.642,0.109,0.174,0.7040000000000001,0.545,0.405
Connecticut,2020-05-09,CT,88.80000000000001,0.6459999999999999,36239.25,0.425,0.39399999999999996,0.08199999999999999,0.14,253.36499999999998,0.242,0.415,62.098499999999994,0.12300000000000001,0.284,0.764,0.568,0.36700000000000005
District of Columbia,2020-05-09,DC,90.7,0.726,14331.0,0.48700000000000004,0.401,,0.218,127.32,0.237,0.306,69.75,,0.371,0.718,0.436,0.45899999999999996
Delaware,2020-05-09,DE,87.4,0.655,6024.75,0.371,0.406,,0.145,189.78,0.207,0.40399999999999997,48.618500000000004,0.115,0.245,0.696,0.564,0.42700000000000005
Florida,2020-05-09,FL,83.1,0.6890000000000001,30871.75,0.358,0.418,0.075,0.125,232.185,0.184,0.45,64.769,0.10800000000000001,0.215,0.763,0.501,0.406
Georgia,2020-05-09,GA,82.69999999999999,0.654,41597.75,0.304,0.385,0.052000000000000005,0.16699999999999998,211.66500000000005,0.19399999999999998,0.41700000000000004,58.027,0.114,0.193,0.763,0.514,0.4
Hawaii,2020-05-09,HI,86.4,0.715,5707.5,0.506,0.442,0.12,0.10800000000000001,218.595,0.32799999999999996,0.519,62.29900000000001,0.159,0.282,0.779,0.61,0.311
Iowa,2020-05-09,IA,81.1,0.609,11749.0,0.245,0.366,0.07,0.124,235.43999999999997,0.183,0.37200000000000005,50.5215,0.052000000000000005,0.151,0.7290000000000001,0.627,0.32799999999999996
Idaho,2020-05-09,ID,82.89999999999999,0.603,15999.25,0.294,0.405,0.055999999999999994,0.131,177.04500000000002,0.185,0.40399999999999997,46.7855,0.069,0.134,0.677,0.528,0.381
Illinois,2020-05-09,IL,89.1,0.708,35584.5,0.364,0.425,0.076,0.152,241.90499999999997,0.222,0.455,66.376,0.086,0.213,0.7879999999999999,0.629,0.313
Indiana,2020-05-09,IN,87.3,0.6459999999999999,34727.25,0.35100000000000003,0.42,0.032,0.177,197.535,0.223,0.43200000000000005,65.84649999999999,0.085,0.18600000000000003,0.74,0.606,0.335
Kansas,2020-05-09,KS,85.9,0.6809999999999999,25408.75,0.32799999999999996,0.431,0.095,0.158,234.49499999999998,0.147,0.447,52.059,0.078,0.133,0.7440000000000001,0.632,0.307
Kentucky,2020-05-09,KY,89.4,0.664,12742.75,0.326,0.386,0.059000000000000004,0.237,232.85999999999999,0.184,0.45,61.2285,0.07400000000000001,0.161,0.7440000000000001,0.605,0.344
Louisiana,2020-05-09,LA,88.7,0.7490000000000001,16076.5,0.366,0.469,0.045,0.149,238.065,0.204,0.511,60.7855,0.08900000000000001,0.18100000000000002,0.8140000000000001,0.649,0.265
Massachusetts,2020-05-09,MA,84.6,0.711,38538.0,0.461,0.444,0.068,0.129,250.23,0.284,0.43799999999999994,74.031,0.106,0.22699999999999998,0.7759999999999999,0.621,0.312
Maryland,2020-05-09,MD,89.0,0.735,50871.5,0.385,0.45299999999999996,0.08199999999999999,0.109,242.89499999999998,0.237,0.466,62.48049999999999,0.113,0.23,0.7390000000000001,0.5379999999999999,0.415
Maine,2020-05-09,ME,87.6,0.693,6403.0,0.342,0.48100000000000004,,0.225,191.4,0.213,0.434,66.28649999999999,0.132,0.188,0.728,0.637,0.311
Michigan,2020-05-09,MI,91.8,0.731,29284.25,0.506,0.49,0.046,0.18100000000000002,218.74500000000003,0.315,0.513,61.36149999999999,0.106,0.20199999999999999,0.759,0.564,0.33799999999999997
Minnesota,2020-05-09,MN,82.39999999999999,0.67,40473.0,0.28,0.373,0.055999999999999994,0.133,247.60499999999996,0.218,0.34700000000000003,73.828,0.073,0.153,0.7559999999999999,0.624,0.33
Missouri,2020-05-09,MO,87.9,0.6859999999999999,24210.75,0.359,0.45899999999999996,0.059000000000000004,0.141,215.90999999999997,0.207,0.41,66.65050000000001,0.068,0.15,0.7909999999999999,0.672,0.299
Mississippi,2020-05-09,MS,92.0,0.7020000000000001,6755.5,0.348,0.521,,0.11699999999999999,110.26500000000001,0.203,0.49,30.054000000000002,,0.22,0.8340000000000001,0.7120000000000001,0.205
Montana,2020-05-09,MT,76.89999999999999,0.426,6520.75,0.275,0.397,0.06,0.091,181.5,0.149,0.374,54.74900000000001,0.064,0.12,0.5870000000000001,0.536,0.39
North Carolina,2020-05-09,NC,84.8,0.645,26219.0,0.294,0.418,0.069,0.172,224.145,0.185,0.445,61.95899999999999,0.086,0.174,0.7120000000000001,0.507,0.408
North Dakota,2020-05-09,ND,77.10000000000001,0.588,6587.750000000001,0.174,0.37200000000000005,,0.1,148.785,0.124,0.316,53.543,,0.083,0.721,0.6859999999999999,0.253
Nebraska,2020-05-09,NE,81.5,0.616,12455.25,0.23199999999999998,0.39799999999999996,0.044000000000000004,0.14300000000000002,180.88499999999996,0.124,0.316,53.1275,,0.075,0.737,0.69,0.244
New Hampshire,2020-05-09,NH,83.3,0.6,24471.0,0.317,0.44799999999999995,0.057,0.192,235.89,0.184,0.358,50.938,0.096,0.19,0.762,0.593,0.368
New Jersey,2020-05-09,NJ,92.19999999999999,0.758,35879.0,0.48,0.518,0.064,0.155,245.99999999999997,0.313,0.512,58.3825,0.138,0.327,0.768,0.507,0.39399999999999996
New Mexico,2020-05-09,NM,86.7,0.708,21722.25,0.381,0.406,0.055,0.192,216.57000000000002,0.258,0.434,55.64650000000001,0.179,0.265,0.711,0.509,0.41700000000000004
Nevada,2020-05-09,NV,87.6,0.701,12775.5,0.35,0.41200000000000003,0.071,0.142,243.89999999999998,0.259,0.44,63.26649999999999,0.091,0.21,0.741,0.461,0.45
New York,2020-05-09,NY,88.7,0.7559999999999999,37031.5,0.539,0.46,0.069,0.141,263.4,0.29100000000000004,0.457,60.138999999999996,0.146,0.358,0.764,0.5660000000000001,0.358
Ohio,2020-05-09,OH,86.5,0.6629999999999999,44909.0,0.366,0.45,0.055999999999999994,0.153,251.17499999999995,0.251,0.42,64.537,0.091,0.198,0.779,0.605,0.341
Oklahoma,2020-05-09,OK,84.7,0.644,11406.25,0.298,0.42100000000000004,0.051,0.193,238.19999999999996,0.14800000000000002,0.43200000000000005,56.278000000000006,0.092,0.128,0.7709999999999999,0.685,0.267
Oregon,2020-05-09,OR,87.6,0.682,34579.0,0.327,0.392,0.07,0.10300000000000001,265.23,0.23,0.451,73.114,0.10400000000000001,0.193,0.685,0.455,0.467
Pennsylvania,2020-05-09,PA,86.7,0.688,34515.5,0.442,0.45899999999999996,0.057,0.157,235.245,0.258,0.436,61.79849999999999,0.109,0.223,0.75,0.593,0.32899999999999996
Rhode Island,2020-05-09,RI,95.3,0.733,7775.999999999999,0.377,0.37200000000000005,,,109.36499999999998,0.19,0.425,47.14,,0.22,0.677,0.555,0.35600000000000004
South Carolina,2020-05-09,SC,83.3,0.638,40441.5,0.324,0.41200000000000003,0.048,0.133,203.46000000000004,0.2,0.39399999999999996,55.466499999999996,0.09300000000000001,0.205,0.7559999999999999,0.595,0.354
South Dakota,2020-05-09,SD,80.7,0.527,7661.75,0.237,0.349,,0.17800000000000002,134.205,0.145,0.307,62.346500000000006,,,0.703,0.627,0.305
Tennessee,2020-05-09,TN,87.9,0.622,26719.75,0.284,0.47700000000000004,0.068,0.163,222.51000000000002,0.187,0.39,65.4505,0.094,0.151,0.7929999999999999,0.66,0.304
Texas,2020-05-09,TX,85.0,0.6659999999999999,43000.25,0.307,0.408,0.078,0.155,238.605,0.16399999999999998,0.387,67.07499999999999,0.12300000000000001,0.191,0.758,0.61,0.327
Utah,2020-05-09,UT,80.8,0.595,35367.75,0.23399999999999999,0.401,0.053,0.107,185.895,0.14300000000000002,0.391,60.1995,0.10800000000000001,0.177,0.733,0.563,0.40399999999999997
Virginia,2020-05-09,VA,84.2,0.6679999999999999,40389.25,0.33299999999999996,0.396,0.068,0.142,239.79000000000008,0.188,0.42100000000000004,71.856,0.11,0.252,0.75,0.488,0.408
Vermont,2020-05-09,VT,89.19999999999999,0.715,5156.0,0.43700000000000006,0.511,,0.191,122.41499999999999,0.177,0.44,52.078500000000005,0.094,0.14400000000000002,0.691,0.627,0.293
Washington,2020-05-09,WA,84.80000000000001,0.69,33275.0,0.447,0.452,0.081,0.145,246.75,0.254,0.466,69.827,0.094,0.235,0.703,0.474,0.42
Wisconsin,2020-05-09,WI,84.00000000000001,0.6859999999999999,37777.0,0.306,0.436,0.084,0.182,230.56500000000003,0.204,0.392,69.7045,0.091,0.155,0.7490000000000001,0.629,0.33799999999999997
West Virginia,2020-05-09,WV,83.1,0.726,3943.0,0.33,0.415,,0.18,109.65,0.266,0.401,27.7165,0.171,0.24100000000000002,0.7509999999999999,0.584,0.37200000000000005
Wyoming,2020-05-09,WY,83.39999999999999,0.574,2151.25,0.294,0.505,,0.163,123.21000000000001,0.17,0.41600000000000004,34.036,,,0.733,0.578,0.366
Alaska,2020-05-16,AK,91.0,0.691,2379.5,0.332,0.44299999999999995,,0.102,197.14500000000004,0.235,0.478,60.496,,0.121,0.74,0.69,0.293
Alabama,2020-05-16,AL,84.8,0.536,17586.25,0.27,0.40700000000000003,,0.18899999999999997,197.64000000000001,0.14,0.314,37.986000000000004,0.067,0.145,0.848,0.767,0.19
Arkansas,2020-05-16,AR,77.69999999999999,0.5720000000000001,13967.25,0.156,0.414,,0.21,167.655,0.174,0.309,47.438500000000005,0.132,0.11,0.693,0.643,0.32
Arizona,2020-05-16,AZ,77.8,0.5579999999999999,31215.25,0.258,0.374,0.047,0.09699999999999999,217.39500000000004,0.149,0.327,63.605999999999995,0.07200000000000001,0.179,0.721,0.648,0.318
California,2020-05-16,CA,85.9,0.654,35576.75,0.409,0.419,0.075,0.14400000000000002,260.28000000000003,0.242,0.406,74.071,0.111,0.242,0.728,0.617,0.327
Colorado,2020-05-16,CO,84.6,0.5489999999999999,37412.25,0.28600000000000003,0.40299999999999997,0.065,0.11,239.68500000000003,0.155,0.326,73.58399999999999,0.083,0.163,0.691,0.639,0.305
Connecticut,2020-05-16,CT,90.4,0.638,25308.75,0.387,0.402,0.07200000000000001,0.147,266.94,0.192,0.381,68.661,0.096,0.27699999999999997,0.747,0.6759999999999999,0.262
District of Columbia,2020-05-16,DC,87.9,0.65,1755.0,0.452,0.366,0.12300000000000001,,203.79000000000002,0.195,0.365,62.54999999999999,,0.344,0.758,0.596,0.33799999999999997
Delaware,2020-05-16,DE,83.89999999999999,0.584,6228.5,0.359,0.518,,0.192,112.91999999999999,0.24600000000000002,0.397,33.0585,0.11,0.20800000000000002,0.733,0.682,0.275
Florida,2020-05-16,FL,88.3,0.647,28552.25,0.321,0.4,0.066,0.12,238.85999999999999,0.161,0.381,64.1425,0.11199999999999999,0.218,0.753,0.649,0.293
Georgia,2020-05-16,GA,88.1,0.599,39078.25,0.268,0.41200000000000003,0.079,0.145,224.97000000000003,0.136,0.34,73.81500000000001,0.10300000000000001,0.18,0.7509999999999999,0.6659999999999999,0.27
Hawaii,2020-05-16,HI,87.9,0.7140000000000001,6812.5,0.409,0.433,,0.156,284.20500000000004,0.249,0.536,61.851,0.157,0.317,0.733,0.653,0.319
Iowa,2020-05-16,IA,83.2,0.555,26856.0,0.207,0.33899999999999997,0.071,0.165,209.79,0.135,0.254,54.878,0.053,0.10800000000000001,0.7390000000000001,0.691,0.273
Idaho,2020-05-16,ID,77.5,0.489,11262.5,0.20199999999999999,0.46,0.083,0.122,133.57500000000002,0.154,0.32899999999999996,54.465,0.07200000000000001,0.171,0.684,0.635,0.36
Illinois,2020-05-16,IL,88.39999999999999,0.703,36831.25,0.322,0.415,0.063,0.14,274.575,0.18899999999999997,0.392,64.9935,0.09300000000000001,0.204,0.752,0.691,0.263
Indiana,2020-05-16,IN,83.5,0.578,34134.25,0.24100000000000002,0.43799999999999994,0.071,0.126,226.33499999999998,0.16399999999999998,0.327,64.437,0.073,0.15,0.7709999999999999,0.705,0.266
Kansas,2020-05-16,KS,80.0,0.565,15706.75,0.263,0.381,0.051,0.17,219.945,0.087,0.298,66.67900000000002,0.068,0.142,0.764,0.721,0.22899999999999998
Kentucky,2020-05-16,KY,82.69999999999999,0.5429999999999999,13967.25,0.348,0.43200000000000005,0.083,0.19899999999999998,199.68,0.16699999999999998,0.385,66.51600000000002,0.10300000000000001,0.158,0.691,0.6509999999999999,0.28300000000000003
Louisiana,2020-05-16,LA,85.3,0.655,19116.5,0.33299999999999996,0.401,0.08199999999999999,0.156,244.8,0.18100000000000002,0.39899999999999997,55.83550000000001,0.12300000000000001,0.198,0.789,0.713,0.23800000000000002
Massachusetts,2020-05-16,MA,89.60000000000001,0.679,35134.5,0.415,0.423,0.066,0.157,281.49,0.249,0.41600000000000004,74.9445,0.086,0.198,0.7140000000000001,0.652,0.293
Maryland,2020-05-16,MD,82.8,0.6559999999999999,36056.5,0.36,0.46799999999999997,0.065,0.14,256.72499999999997,0.19399999999999998,0.415,68.16650000000001,0.132,0.22399999999999998,0.742,0.6579999999999999,0.305
Maine,2020-05-16,ME,85.9,0.531,13633.75,0.341,0.42200000000000004,0.055999999999999994,0.177,198.45,0.102,0.28300000000000003,49.9945,0.064,0.127,0.802,0.731,0.255
Michigan,2020-05-16,MI,93.39999999999999,0.6859999999999999,28366.75,0.466,0.488,0.061,0.179,250.59,0.268,0.45,57.5675,0.11699999999999999,0.237,0.746,0.6890000000000001,0.256
Minnesota,2020-05-16,MN,84.0,0.598,37739.5,0.28600000000000003,0.431,0.08199999999999999,0.17300000000000001,266.175,0.154,0.331,73.55850000000001,0.08,0.14400000000000002,0.755,0.7120000000000001,0.23800000000000002
Missouri,2020-05-16,MO,82.89999999999999,0.57,30987.5,0.252,0.43,0.025,0.134,209.44499999999996,0.11599999999999999,0.308,69.01150000000001,0.07200000000000001,0.17300000000000001,0.763,0.715,0.242
Mississippi,2020-05-16,MS,82.69999999999999,0.59,13039.5,0.228,0.493,,0.121,149.57999999999998,0.146,0.337,42.975,0.134,0.174,0.8029999999999999,0.7809999999999999,0.16699999999999998
Montana,2020-05-16,MT,82.5,0.461,7527.5,0.198,0.409,0.076,0.11800000000000001,163.53000000000003,0.10800000000000001,0.321,51.80049999999999,0.107,0.165,0.627,0.581,0.35600000000000004
North Carolina,2020-05-16,NC,86.3,0.628,32506.25,0.313,0.457,0.085,0.145,245.46,0.16899999999999998,0.38,67.741,0.102,0.22699999999999998,0.743,0.6509999999999999,0.284
North Dakota,2020-05-16,ND,90.10000000000001,0.604,8700.5,0.196,0.413,,0.163,123.14999999999999,,0.341,32.346000000000004,,0.168,0.743,0.723,0.254
Nebraska,2020-05-16,NE,85.1,0.6509999999999999,14126.0,0.22399999999999998,0.41,,0.177,180.495,0.145,0.355,47.772999999999996,0.051,0.094,0.74,0.6859999999999999,0.257
New Hampshire,2020-05-16,NH,89.3,0.68,14570.0,0.38799999999999996,0.433,,0.157,247.21500000000003,0.16699999999999998,0.314,63.8805,0.133,0.205,0.8290000000000001,0.794,0.179
New Jersey,2020-05-16,NJ,87.4,0.662,34968.5,0.41,0.42100000000000004,0.063,0.139,254.13,0.221,0.36700000000000005,62.797500000000014,0.115,0.289,0.773,0.669,0.292
New Mexico,2020-05-16,NM,81.89999999999999,0.6729999999999999,13942.25,0.369,0.402,0.054000000000000006,0.183,213.85500000000002,0.175,0.365,54.5375,0.07200000000000001,0.196,0.6779999999999999,0.618,0.287
Nevada,2020-05-16,NV,89.0,0.606,13874.25,0.319,0.40700000000000003,0.052000000000000005,0.1,263.95500000000004,0.196,0.374,70.92599999999999,0.11,0.22399999999999998,0.745,0.634,0.337
New York,2020-05-16,NY,87.7,0.721,34478.5,0.514,0.47700000000000004,0.068,0.15,268.81500000000005,0.253,0.41200000000000003,62.6665,0.125,0.314,0.774,0.682,0.256
Ohio,2020-05-16,OH,85.09999999999998,0.5760000000000001,41394.75,0.258,0.386,0.061,0.13699999999999998,261.69,0.166,0.336,69.571,0.091,0.185,0.777,0.706,0.245
Oklahoma,2020-05-16,OK,80.89999999999999,0.539,15499.5,0.23800000000000002,0.337,0.06,0.12,213.225,0.094,0.299,71.0605,0.055999999999999994,0.11199999999999999,0.742,0.71,0.257
Oregon,2020-05-16,OR,84.7,0.6459999999999999,25595.0,0.302,0.385,0.069,0.14300000000000002,243.70499999999998,0.16899999999999998,0.38,71.971,0.08800000000000001,0.19699999999999998,0.7240000000000001,0.634,0.315
Pennsylvania,2020-05-16,PA,89.69999999999999,0.643,32911.0,0.43,0.45299999999999996,0.068,0.14400000000000002,231.75,0.228,0.395,63.11749999999999,0.105,0.23800000000000002,0.757,0.682,0.256
Rhode Island,2020-05-16,RI,77.2,0.631,13894.0,0.428,0.413,,0.179,171.495,0.27,0.40399999999999997,53.89149999999999,,0.168,0.672,0.5920000000000001,0.35600000000000004
South Carolina,2020-05-16,SC,79.5,0.532,34645.5,0.214,0.386,0.081,0.11900000000000001,187.59,0.161,0.298,65.1335,0.065,0.147,0.743,0.633,0.309
South Dakota,2020-05-16,SD,81.60000000000001,0.5429999999999999,5962.75,0.184,0.366,,,169.58999999999997,0.106,0.285,53.17750000000001,,,0.665,0.665,0.29100000000000004
Tennessee,2020-05-16,TN,82.1,0.545,42035.75,0.21899999999999997,0.43200000000000005,0.062,0.14,230.46,0.126,0.29100000000000004,49.3505,0.094,0.14400000000000002,0.795,0.72,0.245
Texas,2020-05-16,TX,85.5,0.609,40387.0,0.27399999999999997,0.385,0.07200000000000001,0.138,244.69500000000005,0.145,0.33399999999999996,70.44899999999998,0.11599999999999999,0.184,0.7709999999999999,0.693,0.262
Utah,2020-05-16,UT,77.39999999999999,0.48200000000000004,26020.5,0.177,0.358,0.077,0.07400000000000001,203.85000000000002,0.106,0.272,55.025000000000006,0.057999999999999996,0.109,0.7140000000000001,0.642,0.326
Virginia,2020-05-16,VA,85.60000000000001,0.606,43567.5,0.27899999999999997,0.37799999999999995,0.059000000000000004,0.12,237.60000000000005,0.16699999999999998,0.35,71.56050000000002,0.09699999999999999,0.2,0.726,0.632,0.312
Vermont,2020-05-16,VT,89.0,0.518,7466.0,0.29600000000000004,0.34600000000000003,,0.214,113.355,0.09,0.221,50.80950000000001,,0.142,0.677,0.638,0.307
Washington,2020-05-16,WA,88.1,0.62,38026.5,0.387,0.414,0.057,0.113,249.285,0.18899999999999997,0.369,70.30199999999999,0.087,0.21,0.735,0.6459999999999999,0.303
Wisconsin,2020-05-16,WI,81.99999999999999,0.629,36726.0,0.341,0.389,0.066,0.177,256.695,0.16899999999999998,0.34299999999999997,64.6665,0.083,0.163,0.733,0.691,0.263
West Virginia,2020-05-16,WV,84.6,0.596,9684.0,0.21899999999999997,0.539,,0.19399999999999998,102.63000000000001,0.193,0.35200000000000004,27.345999999999997,,0.156,0.8029999999999999,0.775,0.198
Wyoming,2020-05-16,WY,82.2,0.544,12881.75,0.18100000000000002,0.41700000000000004,,,162.42000000000002,,0.312,48.8315,,0.11599999999999999,0.679,0.621,0.27899999999999997
Alaska,2020-05-23,AK,91.39999999999999,0.649,21154.5,0.321,0.425,,,93.72,,0.319,35.91,,0.13699999999999998,0.733,0.6759999999999999,0.298
Alabama,2020-05-23,AL,79.10000000000001,0.49700000000000005,131792.25,0.151,0.391,,0.053,234.98999999999998,0.11800000000000001,0.28600000000000003,55.019,0.055999999999999994,0.099,0.795,0.78,0.18100000000000002
Arkansas,2020-05-23,AR,87.20000000000002,0.514,102197.5,0.184,0.384,,0.107,217.93499999999997,0.062,0.214,55.9405,,0.086,0.816,0.809,0.16699999999999998
Arizona,2020-05-23,AZ,80.10000000000001,0.584,107692.5,0.2,0.317,0.047,0.08199999999999999,254.145,0.15,0.313,70.7565,0.064,0.153,0.66,0.5760000000000001,0.375
California,2020-05-23,CA,86.5,0.622,101414.25,0.39399999999999996,0.405,0.081,0.127,289.03499999999997,0.203,0.36,91.78450000000001,0.079,0.222,0.75,0.6709999999999999,0.28
Colorado,2020-05-23,CO,81.0,0.5589999999999999,92010.5,0.22699999999999998,0.37799999999999995,0.065,0.106,290.8349999999999,0.146,0.299,92.0185,0.044000000000000004,0.133,0.721,0.6659999999999999,0.285
Connecticut,2020-05-23,CT,79.3,0.61,115542.0,0.331,0.466,0.048,0.177,262.90500000000003,0.147,0.314,63.967,0.077,0.18600000000000003,0.8009999999999999,0.7609999999999999,0.212
District of Columbia,2020-05-23,DC,81.3,0.624,5026.75,0.5329999999999999,0.29100000000000004,,,197.70000000000002,,0.33799999999999997,45.61750000000001,,0.23800000000000002,0.6920000000000001,0.632,0.34299999999999997
Delaware,2020-05-23,DE,94.8,0.488,20365.0,0.349,0.479,0.10099999999999999,,119.42999999999999,0.102,0.287,59.176,,0.146,0.8220000000000001,0.773,0.191
Florida,2020-05-23,FL,82.49999999999999,0.585,85445.0,0.27399999999999997,0.35600000000000004,0.067,0.094,258.07500000000005,0.115,0.301,79.03800000000001,0.06,0.16,0.711,0.652,0.299
Georgia,2020-05-23,GA,83.0,0.5820000000000001,103234.0,0.237,0.405,0.085,0.106,257.80499999999995,0.139,0.34,84.938,0.039,0.16399999999999998,0.763,0.7070000000000001,0.247
Hawaii,2020-05-23,HI,84.3,0.626,20742.75,0.29,0.354,,0.147,182.7,0.23,0.374,58.067,,0.21100000000000002,0.768,0.711,0.235
Iowa,2020-05-23,IA,80.3,0.593,108125.75,0.27,0.401,0.061,0.085,182.51999999999998,0.124,0.271,64.5025,,0.102,0.77,0.7609999999999999,0.214
Idaho,2020-05-23,ID,84.0,0.551,83811.5,0.223,0.354,0.066,0.059000000000000004,172.32,0.066,0.309,66.8945,,0.12300000000000001,0.708,0.6990000000000001,0.263
Illinois,2020-05-23,IL,86.4,0.6609999999999999,105817.0,0.348,0.408,0.063,0.126,290.74500000000006,0.14800000000000002,0.364,80.05,0.049,0.19,0.768,0.726,0.22399999999999998
Indiana,2020-05-23,IN,81.3,0.579,109800.0,0.21899999999999997,0.38,0.035,0.07200000000000001,256.15500000000003,0.125,0.324,63.9725,0.047,0.138,0.747,0.732,0.23399999999999999
Kansas,2020-05-23,KS,80.69999999999999,0.5479999999999999,103411.75,0.187,0.36,0.049,0.111,199.64999999999998,0.09,0.249,66.6275,,0.111,0.742,0.72,0.24100000000000002
Kentucky,2020-05-23,KY,80.4,0.57,89416.75,0.292,0.39799999999999996,0.034,0.17,245.79000000000005,0.094,0.251,56.1395,,0.134,0.649,0.606,0.33799999999999997
Louisiana,2020-05-23,LA,86.0,0.6409999999999999,96349.5,0.34600000000000003,0.386,,0.11,233.39999999999998,0.168,0.32,53.8335,,0.08900000000000001,0.762,0.716,0.212
Massachusetts,2020-05-23,MA,88.80000000000001,0.61,107096.25,0.381,0.435,0.055,0.124,300.03000000000003,0.179,0.313,95.89950000000002,0.05,0.154,0.753,0.726,0.213
Maryland,2020-05-23,MD,86.5,0.59,99050.75,0.363,0.385,0.061,0.114,282.9,0.185,0.353,82.4235,0.059000000000000004,0.188,0.753,0.672,0.29600000000000004
Maine,2020-05-23,ME,80.4,0.5529999999999999,35462.25,0.254,0.441,,0.13699999999999998,286.12500000000006,0.188,0.271,47.60399999999999,,0.121,0.696,0.6659999999999999,0.298
Michigan,2020-05-23,MI,89.4,0.642,79682.5,0.39899999999999997,0.452,0.063,0.158,274.41,0.19699999999999998,0.354,80.097,0.054000000000000006,0.187,0.7559999999999999,0.708,0.22699999999999998
Minnesota,2020-05-23,MN,83.79999999999998,0.598,113700.25,0.23399999999999999,0.38299999999999995,0.051,0.15,302.09999999999997,0.185,0.331,91.1325,0.034,0.113,0.774,0.757,0.20600000000000002
Missouri,2020-05-23,MO,83.0,0.52,99943.75,0.239,0.401,0.073,0.096,274.83000000000004,0.134,0.311,84.18799999999999,0.055,0.156,0.76,0.7240000000000001,0.23399999999999999
Mississippi,2020-05-23,MS,83.7,0.547,46499.0,0.18600000000000003,0.364,,,175.30499999999998,0.157,0.242,50.0265,,0.128,0.762,0.7,0.23600000000000002
Montana,2020-05-23,MT,71.3,0.408,22855.0,0.196,0.40700000000000003,,,218.415,0.077,0.205,64.673,,0.096,0.595,0.5529999999999999,0.396
North Carolina,2020-05-23,NC,85.3,0.562,100434.25,0.292,0.396,0.067,0.10099999999999999,286.74,0.166,0.315,83.9215,0.040999999999999995,0.131,0.745,0.6729999999999999,0.257
North Dakota,2020-05-23,ND,79.89999999999999,0.555,24060.0,0.182,0.348,,,198.345,0.191,0.344,42.579499999999996,,,0.715,0.715,0.249
Nebraska,2020-05-23,NE,76.2,0.537,113278.5,0.196,0.382,,0.13699999999999998,222.15,0.102,0.317,62.34850000000001,,,0.737,0.721,0.24600000000000002
New Hampshire,2020-05-23,NH,87.20000000000002,0.5529999999999999,98781.00000000001,0.28800000000000003,0.42700000000000005,,0.12,217.77,0.161,0.28,59.23400000000001,,0.154,0.7070000000000001,0.69,0.267
New Jersey,2020-05-23,NJ,86.8,0.5760000000000001,95922.75,0.40299999999999997,0.39799999999999996,0.057999999999999996,0.13699999999999998,287.355,0.19899999999999998,0.348,72.3895,0.071,0.217,0.767,0.684,0.267
New Mexico,2020-05-23,NM,80.80000000000001,0.563,43497.25,0.317,0.43200000000000005,,0.22699999999999998,259.10999999999996,0.193,0.349,56.8805,0.055999999999999994,0.14800000000000002,0.687,0.6579999999999999,0.29600000000000004
Nevada,2020-05-23,NV,87.9,0.635,89732.25,0.36700000000000005,0.373,0.081,0.11,291.63,0.165,0.32799999999999996,58.8665,0.094,0.214,0.757,0.6759999999999999,0.294
New York,2020-05-23,NY,89.5,0.65,92142.75,0.498,0.469,0.07200000000000001,0.14400000000000002,297.01500000000004,0.21899999999999997,0.366,78.45949999999999,0.081,0.27,0.773,0.705,0.247
Ohio,2020-05-23,OH,82.5,0.565,111277.5,0.22899999999999998,0.419,0.065,0.09300000000000001,271.365,0.146,0.285,85.3885,0.066,0.14800000000000002,0.804,0.773,0.184
Oklahoma,2020-05-23,OK,78.5,0.575,94952.25,0.188,0.35600000000000004,0.064,0.09,243.49499999999995,0.10099999999999999,0.282,60.74550000000001,,0.08900000000000001,0.787,0.7659999999999999,0.192
Oregon,2020-05-23,OR,84.80000000000001,0.585,102553.5,0.32,0.40299999999999997,0.053,0.141,285.045,0.14,0.32,69.2235,0.062,0.153,0.7140000000000001,0.662,0.29600000000000004
Pennsylvania,2020-05-23,PA,89.0,0.6,99105.25,0.35100000000000003,0.40299999999999997,0.07200000000000001,0.14800000000000002,274.08,0.20800000000000002,0.35700000000000004,94.441,0.051,0.154,0.74,0.6890000000000001,0.253
Rhode Island,2020-05-23,RI,84.0,0.597,65460.25,0.331,0.478,,0.128,109.2,0.134,0.195,47.692499999999995,,,0.657,0.632,0.289
South Carolina,2020-05-23,SC,76.0,0.526,93518.0,0.222,0.42700000000000005,0.057999999999999996,0.062,215.79000000000002,0.096,0.276,69.90950000000001,,0.11,0.726,0.687,0.259
South Dakota,2020-05-23,SD,80.2,0.654,23052.5,0.12,0.33299999999999996,,0.10099999999999999,170.44500000000002,0.136,0.313,56.416,,,0.779,0.753,0.235
Tennessee,2020-05-23,TN,87.1,0.48,109874.75,0.18899999999999997,0.434,0.049,0.091,278.01,0.091,0.19399999999999998,64.5755,0.045,0.114,0.777,0.755,0.22699999999999998
Texas,2020-05-23,TX,80.5,0.557,110266.0,0.244,0.382,0.07200000000000001,0.10400000000000001,254.82,0.13,0.3,89.14399999999999,0.059000000000000004,0.129,0.7559999999999999,0.7070000000000001,0.25
Utah,2020-05-23,UT,78.5,0.478,108248.75,0.174,0.36200000000000004,0.049,0.077,233.43,0.087,0.29100000000000004,66.4945,0.07,0.15,0.721,0.667,0.298
Virginia,2020-05-23,VA,80.60000000000001,0.579,96951.0,0.28600000000000003,0.384,0.064,0.115,278.17499999999995,0.142,0.33799999999999997,89.1235,0.061,0.157,0.75,0.6990000000000001,0.257
Vermont,2020-05-23,VT,78.4,0.525,6550.000000000001,0.319,0.38799999999999996,,0.18,249.42000000000002,0.129,0.223,41.0255,,0.174,0.674,0.639,0.315
Washington,2020-05-23,WA,84.5,0.5870000000000001,98277.5,0.32799999999999996,0.392,0.059000000000000004,0.139,257.49,0.175,0.311,100.923,0.042,0.142,0.68,0.632,0.3
Wisconsin,2020-05-23,WI,79.1,0.573,106950.25,0.268,0.41600000000000004,0.055999999999999994,0.166,272.70000000000005,0.138,0.308,58.990500000000004,0.042,0.125,0.738,0.72,0.245
West Virginia,2020-05-23,WV,86.60000000000001,0.561,23795.75,0.258,0.47200000000000003,,,119.61000000000001,0.188,0.342,46.029,,,0.723,0.635,0.29100000000000004
Wyoming,2020-05-23,WY,79.0,0.588,8921.25,0.265,0.27,,,158.22000000000003,0.136,0.23600000000000002,34.6075,,,0.604,0.5579999999999999,0.396
Alaska,2020-05-30,AK,80.0,0.445,13707.250000000002,0.244,0.326,,,157.23000000000002,,0.21899999999999997,45.857,,,0.624,0.57,0.381
Alabama,2020-05-30,AL,81.2,0.47600000000000003,103451.5,0.18600000000000003,0.37799999999999995,0.057,0.063,201.675,0.076,0.19699999999999998,62.7915,,0.10400000000000001,0.785,0.765,0.18600000000000003
Arkansas,2020-05-30,AR,78.4,0.537,60584.0,0.134,0.364,0.095,,242.145,0.08800000000000001,0.2,55.73650000000001,,0.1,0.7140000000000001,0.701,0.26
Arizona,2020-05-30,AZ,77.0,0.457,115566.25,0.217,0.319,0.064,0.08800000000000001,236.685,0.08800000000000001,0.23600000000000002,74.34450000000001,0.032,0.11199999999999999,0.743,0.6809999999999999,0.295
California,2020-05-30,CA,83.1,0.573,99819.5,0.365,0.38299999999999995,0.068,0.127,278.70000000000005,0.179,0.321,91.18,0.065,0.188,0.738,0.6809999999999999,0.268
Colorado,2020-05-30,CO,80.8,0.522,101104.0,0.212,0.355,0.064,0.09,271.33500000000004,0.114,0.29,95.02200000000002,0.046,0.114,0.726,0.7090000000000001,0.263
Connecticut,2020-05-30,CT,83.0,0.47,110172.0,0.27699999999999997,0.35,0.059000000000000004,0.14300000000000002,300.78000000000003,0.10099999999999999,0.235,61.766,0.076,0.163,0.8370000000000001,0.816,0.157
District of Columbia,2020-05-30,DC,80.89999999999999,0.529,17571.0,0.47100000000000003,0.271,,,216.57000000000005,,0.299,43.217,,0.182,0.66,0.608,0.327
Delaware,2020-05-30,DE,89.9,0.619,20433.75,0.397,0.419,,0.16399999999999998,184.275,0.18100000000000002,0.364,53.182500000000005,,0.151,0.7759999999999999,0.737,0.253
Florida,2020-05-30,FL,82.10000000000001,0.541,85913.25,0.225,0.35600000000000004,0.057,0.1,265.665,0.111,0.295,86.91050000000001,0.054000000000000006,0.161,0.758,0.703,0.23800000000000002
Georgia,2020-05-30,GA,80.5,0.5329999999999999,105662.25,0.278,0.344,0.03,0.073,247.59,0.095,0.266,82.764,0.05,0.131,0.775,0.7240000000000001,0.223
Hawaii,2020-05-30,HI,89.6,0.561,30407.25,0.28600000000000003,0.34700000000000003,,0.08199999999999999,216.15,0.16699999999999998,0.37200000000000005,50.1155,,0.151,0.7979999999999999,0.7390000000000001,0.203
Iowa,2020-05-30,IA,80.10000000000001,0.502,112792.75,0.153,0.34,0.06,0.07,239.79000000000002,0.08199999999999999,0.23399999999999999,61.1515,,0.054000000000000006,0.6920000000000001,0.6609999999999999,0.287
Idaho,2020-05-30,ID,75.0,0.36,84210.0,0.205,0.39,,0.091,237.95999999999998,,0.18100000000000002,67.7875,,0.07200000000000001,0.6809999999999999,0.653,0.295
Illinois,2020-05-30,IL,85.2,0.564,114151.5,0.305,0.34299999999999997,0.06,0.128,282.375,0.11800000000000001,0.303,85.2605,0.040999999999999995,0.14300000000000002,0.789,0.763,0.20199999999999999
Indiana,2020-05-30,IN,74.1,0.48100000000000004,110753.75,0.161,0.382,0.048,0.068,263.67,0.11,0.262,68.2515,0.033,0.099,0.784,0.7559999999999999,0.214
Kansas,2020-05-30,KS,81.69999999999999,0.489,118537.0,0.16899999999999998,0.293,0.043,0.076,280.365,0.10400000000000001,0.23199999999999998,57.95700000000001,,0.10800000000000001,0.792,0.7609999999999999,0.204
Kentucky,2020-05-30,KY,78.7,0.47600000000000003,97184.0,0.217,0.34600000000000003,0.045,0.139,180.96,0.107,0.257,59.668499999999995,,0.079,0.73,0.698,0.259
Louisiana,2020-05-30,LA,83.2,0.525,93414.75,0.239,0.396,0.054000000000000006,0.067,217.73999999999998,0.105,0.267,57.8815,,0.142,0.804,0.77,0.19
Massachusetts,2020-05-30,MA,87.7,0.557,109279.75,0.42100000000000004,0.402,0.062,0.114,278.11500000000007,0.175,0.31,93.682,0.069,0.17800000000000002,0.7609999999999999,0.7440000000000001,0.207
Maryland,2020-05-30,MD,82.8,0.515,128619.75,0.278,0.375,0.061,0.11699999999999999,275.85,0.109,0.292,71.8285,0.057999999999999996,0.155,0.728,0.7,0.262
Maine,2020-05-30,ME,84.1,0.562,21673.5,0.33399999999999996,0.42200000000000004,,0.16,271.44,0.091,0.255,45.861,,0.11,0.768,0.735,0.23
Michigan,2020-05-30,MI,88.89999999999999,0.5489999999999999,89464.25,0.387,0.44299999999999995,0.027000000000000003,0.152,290.19,0.18100000000000002,0.335,91.0135,0.045,0.18600000000000003,0.775,0.737,0.22699999999999998
Minnesota,2020-05-30,MN,82.69999999999999,0.552,113608.75,0.19699999999999998,0.336,0.032,0.111,299.90999999999997,0.14,0.285,100.5995,0.044000000000000004,0.11699999999999999,0.6990000000000001,0.6659999999999999,0.264
Missouri,2020-05-30,MO,74.8,0.446,100138.25,0.187,0.369,0.065,0.081,239.92500000000004,0.11,0.215,61.54350000000001,0.05,0.113,0.76,0.738,0.221
Mississippi,2020-05-30,MS,79.10000000000001,0.43,95065.0,0.222,0.46,,,146.655,,0.257,57.897000000000006,,0.14800000000000002,0.802,0.7909999999999999,0.163
Montana,2020-05-30,MT,81.69999999999999,0.43700000000000006,61145.5,0.235,0.374,0.075,,242.71499999999997,0.084,0.239,64.237,,0.091,0.713,0.723,0.247
North Carolina,2020-05-30,NC,81.3,0.575,97636.75,0.23800000000000002,0.35700000000000004,0.057,0.11800000000000001,276.555,0.11699999999999999,0.295,94.01100000000001,0.042,0.131,0.731,0.653,0.299
North Dakota,2020-05-30,ND,76.6,0.504,9837.500000000002,0.127,0.32899999999999996,,,154.26000000000002,,0.19699999999999998,65.20500000000001,,,0.698,0.6859999999999999,0.271
Nebraska,2020-05-30,NE,78.89999999999999,0.488,98805.0,0.17800000000000002,0.311,0.071,0.12,180.315,0.109,0.319,64.672,,,0.698,0.6829999999999999,0.24600000000000002
New Hampshire,2020-05-30,NH,84.39999999999999,0.642,100760.75,0.245,0.45299999999999996,,0.09699999999999999,276.135,0.134,0.27399999999999997,59.650000000000006,,0.11800000000000001,0.805,0.7809999999999999,0.14400000000000002
New Jersey,2020-05-30,NJ,87.8,0.591,101243.75,0.426,0.39299999999999996,0.06,0.161,282.78000000000003,0.182,0.294,77.70150000000001,0.086,0.23,0.7709999999999999,0.7120000000000001,0.23
New Mexico,2020-05-30,NM,78.3,0.584,86985.25,0.265,0.39899999999999997,0.10400000000000001,0.124,247.665,0.165,0.33399999999999996,57.96050000000001,,0.12300000000000001,0.6759999999999999,0.635,0.298
Nevada,2020-05-30,NV,85.8,0.573,99448.0,0.28300000000000003,0.332,0.037000000000000005,0.043,254.82,0.115,0.272,56.4105,0.064,0.158,0.746,0.672,0.285
New York,2020-05-30,NY,87.2,0.604,89170.0,0.45899999999999996,0.4,0.054000000000000006,0.128,267.99,0.195,0.33299999999999996,79.08500000000001,0.07200000000000001,0.23,0.745,0.7,0.243
Ohio,2020-05-30,OH,79.5,0.507,122896.25,0.192,0.358,0.039,0.076,268.8,0.13,0.262,93.72749999999999,0.039,0.124,0.762,0.732,0.226
Oklahoma,2020-05-30,OK,83.39999999999999,0.51,103168.25,0.193,0.373,0.051,0.077,255.74999999999994,0.099,0.256,69.90199999999999,,0.065,0.757,0.747,0.22899999999999998
Oregon,2020-05-30,OR,81.8,0.555,95558.5,0.25,0.358,0.044000000000000004,0.09,261.345,0.145,0.304,90.024,0.043,0.131,0.677,0.637,0.308
Pennsylvania,2020-05-30,PA,80.69999999999999,0.527,108623.75,0.311,0.366,0.052000000000000005,0.092,273.24,0.163,0.26,87.07749999999999,0.046,0.17,0.782,0.745,0.213
Rhode Island,2020-05-30,RI,84.60000000000001,0.528,20502.5,0.267,0.39799999999999996,,0.231,120.98999999999998,0.158,0.268,66.8175,,0.114,0.753,0.753,0.239
South Carolina,2020-05-30,SC,84.3,0.545,121185.25,0.198,0.37,0.046,0.1,232.27499999999998,0.113,0.27399999999999997,60.034000000000006,,0.095,0.768,0.733,0.218
South Dakota,2020-05-30,SD,78.60000000000001,0.49200000000000005,23627.5,0.161,0.37799999999999995,,,178.035,,0.152,47.643499999999996,,0.14300000000000002,0.7040000000000001,0.6829999999999999,0.285
Tennessee,2020-05-30,TN,84.0,0.5379999999999999,117442.75,0.19399999999999998,0.365,0.039,0.091,272.925,0.09300000000000001,0.20600000000000002,66.8985,0.042,0.094,0.774,0.7609999999999999,0.196
Texas,2020-05-30,TX,84.5,0.546,114451.0,0.23,0.369,0.07200000000000001,0.087,271.755,0.122,0.293,86.9485,0.054000000000000006,0.11800000000000001,0.768,0.726,0.23199999999999998
Utah,2020-05-30,UT,78.6,0.445,106066.0,0.201,0.31,0.062,0.055999999999999994,269.88,0.085,0.262,66.512,0.04,0.113,0.741,0.701,0.28800000000000003
Virginia,2020-05-30,VA,79.6,0.511,117523.5,0.265,0.36,0.077,0.08900000000000001,267.25500000000005,0.138,0.29600000000000004,92.0845,0.045,0.149,0.736,0.6920000000000001,0.255
Vermont,2020-05-30,VT,85.3,0.56,23046.75,0.249,0.402,,0.14300000000000002,266.76,0.19699999999999998,0.284,63.57650000000001,,0.10400000000000001,0.701,0.644,0.287
Washington,2020-05-30,WA,86.2,0.5539999999999999,98042.75,0.312,0.38299999999999995,0.079,0.106,276.37499999999994,0.165,0.311,90.7725,0.065,0.141,0.723,0.684,0.278
Wisconsin,2020-05-30,WI,77.69999999999999,0.521,106564.25,0.249,0.384,0.052000000000000005,0.13,243.45000000000002,0.12,0.256,62.191500000000005,0.046,0.125,0.7609999999999999,0.7490000000000001,0.20600000000000002
West Virginia,2020-05-30,WV,80.89999999999999,0.447,8993.75,0.16899999999999998,0.39299999999999996,,0.139,180.55499999999998,0.20199999999999999,0.256,59.567499999999995,,,0.715,0.66,0.299
Wyoming,2020-05-30,WY,79.3,0.426,10150.0,0.27399999999999997,0.39399999999999996,,,169.73999999999998,,0.292,76.995,,,0.625,0.61,0.344
Alaska,2020-06-06,AK,84.39999999999999,0.43200000000000005,24490.999999999996,0.22899999999999998,0.379,,,195.255,,0.16,39.316,,0.21100000000000002,0.68,0.636,0.281
Alabama,2020-06-06,AL,74.0,0.462,119578.5,0.16,0.32,0.040999999999999995,0.067,229.365,0.098,0.172,65.925,,0.071,0.8029999999999999,0.789,0.192
Arkansas,2020-06-06,AR,77.89999999999999,0.449,111120.0,0.156,0.42,,0.099,230.565,0.16399999999999998,0.28300000000000003,47.839,,0.127,0.716,0.685,0.242
Arizona,2020-06-06,AZ,79.4,0.435,103726.25,0.207,0.34600000000000003,0.057,0.078,236.79000000000002,0.075,0.214,67.438,0.035,0.12,0.6990000000000001,0.664,0.31
California,2020-06-06,CA,84.89999999999999,0.53,107971.25,0.364,0.366,0.068,0.11599999999999999,281.73,0.16699999999999998,0.305,88.6925,0.07200000000000001,0.19,0.725,0.685,0.264
Colorado,2020-06-06,CO,77.19999999999999,0.462,101148.75,0.237,0.345,0.053,0.059000000000000004,256.63500000000005,0.078,0.242,97.87699999999998,0.049,0.13,0.711,0.682,0.276
Connecticut,2020-06-06,CT,79.1,0.451,102491.75,0.268,0.327,0.064,0.102,268.755,0.126,0.235,62.9075,0.061,0.21,0.7909999999999999,0.767,0.2
District of Columbia,2020-06-06,DC,82.0,0.523,20950.0,0.406,0.355,,,112.32000000000001,,0.257,39.617000000000004,,0.237,0.7170000000000001,0.667,0.276
Delaware,2020-06-06,DE,86.3,0.521,16505.0,0.321,0.32,,,233.96999999999997,,0.278,60.54350000000001,,,0.687,0.647,0.298
Florida,2020-06-06,FL,84.39999999999999,0.486,92960.25,0.237,0.34600000000000003,0.055999999999999994,0.067,250.32000000000005,0.11699999999999999,0.253,82.173,0.068,0.158,0.758,0.722,0.235
Georgia,2020-06-06,GA,81.69999999999999,0.507,121096.5,0.214,0.359,0.052000000000000005,0.086,249.91499999999996,0.129,0.263,88.50649999999999,0.039,0.134,0.777,0.7390000000000001,0.22
Hawaii,2020-06-06,HI,83.3,0.561,48174.5,0.371,0.387,,0.10099999999999999,217.365,0.18100000000000002,0.284,64.19550000000001,,0.156,0.764,0.6970000000000001,0.26
Iowa,2020-06-06,IA,70.39999999999999,0.45899999999999996,99265.75,0.159,0.358,0.05,0.09,229.39499999999998,0.091,0.237,62.102000000000004,0.035,0.047,0.708,0.693,0.27899999999999997
Idaho,2020-06-06,ID,74.50000000000001,0.36,107940.0,0.107,0.36,,,196.335,,0.192,62.297999999999995,,,0.638,0.626,0.341
Illinois,2020-06-06,IL,83.7,0.55,112337.25,0.326,0.354,0.054000000000000006,0.107,282.48,0.121,0.318,87.46799999999999,0.04,0.129,0.777,0.748,0.21100000000000002
Indiana,2020-06-06,IN,77.5,0.45799999999999996,113551.5,0.16899999999999998,0.361,0.057999999999999996,0.07400000000000001,239.64000000000004,0.071,0.215,67.201,0.037000000000000005,0.094,0.746,0.7340000000000001,0.247
Kansas,2020-06-06,KS,76.29999999999998,0.426,125251.0,0.096,0.32299999999999995,0.059000000000000004,0.07200000000000001,183.72000000000003,0.055999999999999994,0.183,58.2325,,0.107,0.7829999999999999,0.7659999999999999,0.223
Kentucky,2020-06-06,KY,83.1,0.53,107526.5,0.27899999999999997,0.369,,0.136,266.37,0.121,0.256,57.981500000000004,,0.11900000000000001,0.713,0.705,0.21
Louisiana,2020-06-06,LA,85.2,0.507,117378.5,0.23199999999999998,0.322,0.077,0.083,241.46999999999997,0.08,0.228,59.88,,0.114,0.8190000000000001,0.7759999999999999,0.17800000000000002
Massachusetts,2020-06-06,MA,83.8,0.523,116266.25,0.361,0.387,0.077,0.147,276.57,0.17,0.258,82.49450000000002,0.06,0.14800000000000002,0.757,0.7490000000000001,0.2
Maryland,2020-06-06,MD,76.8,0.499,125349.0,0.256,0.33,0.05,0.10300000000000001,255.0,0.156,0.278,80.16300000000001,0.033,0.159,0.715,0.6759999999999999,0.284
Maine,2020-06-06,ME,91.10000000000001,0.552,86887.25,0.311,0.42200000000000004,0.09,0.133,298.74,0.095,0.245,63.587500000000006,,0.129,0.67,0.664,0.263
Michigan,2020-06-06,MI,85.69999999999999,0.532,107827.75,0.313,0.373,0.05,0.127,271.635,0.158,0.289,77.23100000000001,0.045,0.165,0.7609999999999999,0.716,0.235
Minnesota,2020-06-06,MN,79.5,0.496,123913.25,0.2,0.375,0.036000000000000004,0.091,280.185,0.11800000000000001,0.249,66.34450000000001,0.02,0.114,0.778,0.7509999999999999,0.218
Missouri,2020-06-06,MO,77.7,0.45799999999999996,104298.0,0.155,0.37799999999999995,0.049,0.102,255.71999999999997,0.12300000000000001,0.201,57.4935,0.038,0.086,0.76,0.735,0.203
Mississippi,2020-06-06,MS,79.5,0.39899999999999997,124876.0,0.179,0.47200000000000003,,0.076,235.00500000000002,,0.203,60.202,,0.14400000000000002,0.794,0.7859999999999999,0.14800000000000002
Montana,2020-06-06,MT,77.0,0.413,36646.0,0.174,0.405,,,180.20999999999998,0.111,0.185,56.50399999999999,,0.091,0.6759999999999999,0.653,0.298
North Carolina,2020-06-06,NC,83.39999999999999,0.486,98454.0,0.171,0.35200000000000004,0.053,0.07,269.94000000000005,0.105,0.22899999999999998,68.26549999999999,0.051,0.10400000000000001,0.7340000000000001,0.7040000000000001,0.265
North Dakota,2020-06-06,ND,78.8,0.475,17262.75,0.207,0.325,,,158.19,0.145,0.354,36.581999999999994,,,0.76,0.727,0.22
Nebraska,2020-06-06,NE,85.3,0.45399999999999996,138587.5,0.135,0.35700000000000004,,0.107,165.18,0.066,0.2,49.849999999999994,,0.092,0.8340000000000001,0.847,0.139
New Hampshire,2020-06-06,NH,84.00000000000001,0.493,83599.5,0.218,0.313,,0.094,258.40500000000003,0.165,0.252,64.976,,0.156,0.777,0.76,0.222
New Jersey,2020-06-06,NJ,87.60000000000001,0.557,107203.25,0.34299999999999997,0.377,0.057,0.139,294.28499999999997,0.139,0.27,75.32549999999999,0.069,0.231,0.741,0.6920000000000001,0.249
New Mexico,2020-06-06,NM,79.5,0.478,56899.75,0.29600000000000004,0.368,0.078,0.124,245.83500000000004,0.184,0.29600000000000004,70.77,,0.156,0.5820000000000001,0.537,0.406
Nevada,2020-06-06,NV,81.1,0.513,107667.25,0.298,0.33799999999999997,,0.086,285.59999999999997,0.159,0.257,76.77449999999999,0.043,0.147,0.737,0.674,0.3
New York,2020-06-06,NY,86.5,0.5870000000000001,96416.0,0.424,0.39,0.061,0.132,284.745,0.19699999999999998,0.304,81.10750000000002,0.07200000000000001,0.24,0.745,0.713,0.235
Ohio,2020-06-06,OH,80.10000000000001,0.498,118869.25,0.161,0.344,0.047,0.062,258.345,0.14,0.275,90.388,0.048,0.11900000000000001,0.802,0.772,0.187
Oklahoma,2020-06-06,OK,81.69999999999999,0.484,101039.25,0.168,0.322,0.039,0.064,233.88,0.07,0.161,57.4795,0.062,0.1,0.7659999999999999,0.753,0.20600000000000002
Oregon,2020-06-06,OR,81.5,0.51,114034.5,0.242,0.39,0.067,0.091,280.125,0.098,0.249,94.64900000000002,0.063,0.142,0.6940000000000001,0.664,0.27899999999999997
Pennsylvania,2020-06-06,PA,80.5,0.496,111971.0,0.327,0.34299999999999997,0.040999999999999995,0.13,270.46500000000003,0.152,0.26,84.758,0.054000000000000006,0.166,0.7759999999999999,0.746,0.20199999999999999
Rhode Island,2020-06-06,RI,80.89999999999999,0.55,65557.5,0.282,0.35200000000000004,,,180.09,,0.20199999999999999,43.55200000000001,,0.11900000000000001,0.655,0.649,0.293
South Carolina,2020-06-06,SC,73.49999999999999,0.545,104744.0,0.168,0.35600000000000004,0.049,0.098,234.735,0.07200000000000001,0.221,60.38449999999999,0.045,0.114,0.7040000000000001,0.6679999999999999,0.3
South Dakota,2020-06-06,SD,71.10000000000001,0.396,20980.0,0.149,0.243,,,167.24999999999997,,0.185,63.1445,,,0.7070000000000001,0.6859999999999999,0.27399999999999997
Tennessee,2020-06-06,TN,76.1,0.46399999999999997,127342.5,0.17,0.354,0.053,0.077,264.80999999999995,0.09699999999999999,0.22899999999999998,62.101,0.069,0.107,0.772,0.752,0.2
Texas,2020-06-06,TX,80.6,0.505,120921.0,0.207,0.349,0.055,0.094,273.33000000000004,0.11599999999999999,0.256,87.03300000000002,0.05,0.147,0.759,0.723,0.244
Utah,2020-06-06,UT,71.2,0.436,111614.25,0.145,0.344,0.044000000000000004,0.05,257.415,0.07400000000000001,0.23800000000000002,70.40950000000001,,0.07,0.7,0.6859999999999999,0.29100000000000004
Virginia,2020-06-06,VA,76.3,0.429,123268.0,0.23600000000000002,0.354,0.036000000000000004,0.1,260.38500000000005,0.109,0.248,88.16850000000001,0.047,0.122,0.7240000000000001,0.679,0.28
Vermont,2020-06-06,VT,89.1,0.485,44311.0,0.337,0.409,,0.132,195.67499999999998,0.196,0.326,61.6285,,0.10400000000000001,0.632,0.621,0.297
Washington,2020-06-06,WA,83.29999999999998,0.556,98879.25,0.294,0.325,0.059000000000000004,0.10099999999999999,270.46500000000003,0.153,0.29600000000000004,97.9365,0.063,0.156,0.7070000000000001,0.65,0.285
Wisconsin,2020-06-06,WI,78.99999999999999,0.446,105983.75,0.188,0.38799999999999996,0.04,0.09,246.315,0.132,0.249,63.4015,0.040999999999999995,0.121,0.772,0.759,0.203
West Virginia,2020-06-06,WV,87.7,0.509,76845.0,0.141,0.373,,,166.74,,0.222,43.733999999999995,,,0.7979999999999999,0.77,0.20800000000000002
Wyoming,2020-06-06,WY,85.3,0.361,23745.0,0.142,0.33399999999999996,,,278.94,,0.297,43.02600000000001,,,0.6579999999999999,0.625,0.337
